,Origin,Destination,0-16,17-34,35-54,55-66,67+
0,High,Adur,476.38980000000004,886.9689999999999,737.7885000000001,283.50440000000003,2626.9674
320,Low,Adur,144.7865,282.3753,202.1175,61.5642,781.0446999999999
640,Mid,Adur,55.9666,179.8265,89.2508,31.8717,406.5425
1,High,Amber Valley,577.0310000000001,1452.9675,898.2680999999999,369.3059,3659.1088
321,Low,Amber Valley,465.8245,1154.9326,681.0066,272.88009999999997,2803.9674
641,Mid,Amber Valley,103.6722,384.5593,226.8069,82.4078,848.109
2,High,Arun,637.5143,1845.4977,1106.8364,852.8369,5242.9832
322,Low,Arun,369.8735,773.6641,486.2792,286.6718,2275.2529
642,Mid,Arun,187.5202,729.3131,350.61030000000005,330.8873,1928.132
3,High,Ashfield,179.3864,629.8783,290.3244,117.5962,1292.5919000000001
323,Low,Ashfield,894.8719,1856.4021,1094.0345,349.866,4618.8623
643,Mid,Ashfield,185.1951,478.7941,256.139,72.783,1081.9346
4,High,Ashford,558.6856,1319.0258000000001,778.6733,248.8069,3106.0241
324,Low,Ashford,280.4323,922.4371,457.5486,205.6628,2077.933
644,Mid,Ashford,460.498,1024.8978,644.1999,287.9509,2672.2261
325,Low,Babergh,182.60930000000002,423.6864,252.0445,142.2609,1140.9001
645,Mid,Babergh,568.0495000000001,1113.2314,749.2559,374.8558,3035.9301
5,High,Babergh,226.8225,605.9215,369.8699,220.8401,1568.2624
646,Mid,Barking and Dagenham,611.1107000000001,1266.3492,648.6539,121.54520000000001,2707.6522000000004
6,High,Barking and Dagenham,2256.9193,4666.161700000001,2647.0964,470.2309,10247.8186
326,Low,Barking and Dagenham,1045.2546,1804.4762,1062.2656,166.7165,4151.718
647,Mid,Barnet,1178.0728,3554.1814000000004,1895.7020000000002,420.57869999999997,7387.3598
7,High,Barnet,2243.6765,9610.4169,4410.8667,854.8941,17828.7455
327,Low,Barnet,614.8611,2409.8326,1138.7103,204.6031,4543.5172999999995
648,Mid,Barnsley,335.13289999999995,970.5944000000001,508.54480000000007,160.6814,2157.997
8,High,Barnsley,234.1909,941.5968,413.8875,140.22299999999998,1801.2997
328,Low,Barnsley,682.1658,1517.2677,802.1502999999999,308.8567,3541.7301
649,Mid,Basildon,693.4884000000001,1374.5884,758.8383,215.0199,3190.6450999999997
9,High,Basildon,988.8512999999999,2398.91,1285.6752999999999,364.9376,5340.9454
329,Low,Basildon,373.00219999999996,775.9948,404.44210000000004,91.2603,1759.4527
650,Mid,Basingstoke and Deane,181.0792,814.433,319.8161,117.6266,1527.0792
330,Low,Basingstoke and Deane,88.6254,424.4944,146.6204,48.0065,793.3217
10,High,Basingstoke and Deane,1098.9758,3297.7817,1723.0322,492.4999,7048.9009
331,Low,Bassetlaw,579.7807,1253.7471,797.3223,398.8065,3345.7459
651,Mid,Bassetlaw,203.34199999999998,516.9085,304.3707,142.0918,1267.0752
11,High,Bassetlaw,177.8987,547.2074,310.7872,121.1638,1253.8957
332,Low,Bath and North East Somerset UA,180.4922,2217.1679,325.3123,94.4256,2957.9771
652,Mid,Bath and North East Somerset UA,209.73909999999998,2712.9561,414.68149999999997,150.656,3619.2323
12,High,Bath and North East Somerset UA,829.0800999999999,7633.7276,1458.2277,468.7169,10743.5435
333,Low,Bedford UA,144.0305,788.1785,228.7795,49.7354,1302.3003
653,Mid,Bedford UA,671.5367,1691.2684,993.9782,327.02930000000003,4001.3124
13,High,Bedford UA,657.4722,2226.7484,1211.1039,318.1914,4643.4788
334,Low,Bexley,243.5974,857.9501,309.1827,70.4645,1551.5393
654,Mid,Bexley,273.0191,943.0576,434.4078,84.8631,1793.8699
14,High,Bexley,3169.8226999999997,5152.5056,3804.8068,740.4227999999999,13412.1628
655,Mid,Birmingham,1763.8319999999999,9140.0619,2425.4605,527.1013,14257.0028
15,High,Birmingham,2836.0158,17758.072799999998,4492.8419,904.2903,26651.8252
335,Low,Birmingham,2645.3017,10100.496,3144.0247999999997,735.6352,17057.0023
16,High,Blaby,137.07319999999999,577.3963,225.3122,58.3224,1047.2522000000001
336,Low,Blaby,735.7130000000001,1349.4,927.3591,275.3031,3522.1456000000003
656,Mid,Blaby,333.1812,688.7534,444.38939999999997,158.90449999999998,1795.5427
17,High,Blackburn with Darwen UA,534.9408999999999,1359.9405,622.9141,157.4941,2833.7032
337,Low,Blackburn with Darwen UA,745.0609,1187.2229,774.4630999999999,233.11169999999998,3042.8763
657,Mid,Blackburn with Darwen UA,218.6164,583.1978,246.14249999999998,70.75670000000001,1153.4633000000001
18,High,Blackpool UA,416.9988,1182.2493,765.788,343.7204,2961.7021
338,Low,Blackpool UA,613.2149,1213.1123,918.2732,453.6029,3560.4894
658,Mid,Blackpool UA,189.0045,491.2127,310.6731,148.3087,1227.2672
19,High,Blaenau Gwent / Blaenau Gwent,177.1027,502.11469999999997,296.47180000000003,98.2148,1134.0181
339,Low,Blaenau Gwent / Blaenau Gwent,117.2156,335.0658,157.5638,60.4581,713.1509
659,Mid,Blaenau Gwent / Blaenau Gwent,62.5541,180.2774,87.9156,28.3658,393.4975
340,Low,Bolsover,548.3508,1386.9524,790.1918,336.99080000000004,3286.3817999999997
660,Mid,Bolsover,70.7587,223.6839,122.9676,50.1859,494.7189
20,High,Bolsover,217.31150000000002,563.0446,362.7332,146.6128,1453.1313
661,Mid,Bolton,450.9767,1268.7695,517.6263,183.75679999999997,2533.3301
21,High,Bolton,1004.4305,2716.3337,1327.9023,293.31329999999997,5512.5755
341,Low,Bolton,808.3045,1858.5237,925.7543000000001,303.7735,4104.7683
662,Mid,Boston,203.6453,441.8243,270.3311,160.7694,1172.5527
22,High,Boston,115.3861,398.5483,255.5622,148.0452,1006.4355
342,Low,Boston,225.4314,427.3049,248.947,138.1259,1206.2155
663,Mid,"Bournemouth, Christchurch and Poole UA",403.03200000000004,3053.4705,863.3399000000001,372.0022,5058.8103
23,High,"Bournemouth, Christchurch and Poole UA",893.6999,7159.2442,2071.3392,848.188,11651.1912
343,Low,"Bournemouth, Christchurch and Poole UA",220.3955,1775.6882,433.446,202.7454,2865.3924
664,Mid,Bracknell Forest UA,78.6566,426.00509999999997,140.4395,45.4135,740.3787
24,High,Bracknell Forest UA,1299.9093,2734.0311,1742.6576,463.5065,6644.4092
344,Low,Bracknell Forest UA,65.2615,271.0183,87.5823,35.6325,522.3591
25,High,Bradford,1352.8647,4419.672799999999,1984.0161,547.4767,8757.8554
345,Low,Bradford,713.3965000000001,2215.7876,854.684,283.4775,4325.2502
665,Mid,Bradford,663.5258,2057.4143,845.9272,341.51750000000004,4184.385
346,Low,Braintree,155.0973,562.2866,291.9454,142.7952,1310.6077
666,Mid,Braintree,608.6551000000001,1411.8341,856.7951,388.9188,3677.7773
26,High,Braintree,684.3489000000001,1800.7591,1083.7486999999999,426.3544,4355.1963
347,Low,Breckland,288.63370000000003,747.2013,351.2423,296.2843,2054.1913
667,Mid,Breckland,276.4904,722.3274,450.8082,284.2667,1954.9626
27,High,Breckland,443.8282,1128.1292,719.8344999999999,543.9618,3284.0788
348,Low,Brent,235.1626,2083.8857,459.7787,89.365,2928.4302
668,Mid,Brent,247.8852,1999.2409,515.7911,120.67960000000001,2927.0948
28,High,Brent,2998.3529000000003,13593.5961,5700.4529,1132.8606,23932.7698
349,Low,Brentwood,132.7468,368.89090000000004,177.5555,65.56779999999999,806.2772
669,Mid,Brentwood,425.42389999999995,980.0542,606.0296999999999,194.85320000000002,2448.2572
29,High,Brentwood,336.8801,1118.1376,561.2025,129.8798,2297.5594
350,Low,Bridgend / Pen-y-bont ar Ogwr,217.85160000000002,687.8179,356.5168,220.4328,1648.1659
30,High,Bridgend / Pen-y-bont ar Ogwr,321.2639,1104.7685000000001,495.277,234.6515,2259.6618000000003
670,Mid,Bridgend / Pen-y-bont ar Ogwr,67.7898,412.2658,141.7773,58.2353,723.2579
31,High,Brighton and Hove UA,968.8757,10427.1418,2600.4679,589.9727,14971.8917
351,Low,Brighton and Hove UA,272.5698,3146.409,617.7694,222.6589,4392.415
671,Mid,Brighton and Hove UA,337.22429999999997,3878.2956,686.07,186.7123,5216.5149
32,High,"Bristol, City of UA",1141.2638,16370.7135,2815.1998,483.77230000000003,21175.477899999998
352,Low,"Bristol, City of UA",439.30350000000004,5968.8561,1023.3582,202.9493,7843.1107
672,Mid,"Bristol, City of UA",323.4252,6614.6612000000005,917.4699,163.83350000000002,8163.4228
33,High,Broadland,328.3057,944.9514,560.3266,292.6579,2384.8859
353,Low,Broadland,284.2128,743.4592,441.33090000000004,265.24920000000003,2066.8975
673,Mid,Broadland,605.4703000000001,1509.5615,893.4203999999999,297.9894,3731.0319999999997
34,High,Bromley,2780.3423,6831.375,4657.8053,855.9961,15783.256
354,Low,Bromley,214.045,1090.8573999999999,358.5444,92.6747,1880.849
674,Mid,Bromley,587.9626,1530.7607,769.1734,200.0202,3254.1797
355,Low,Bromsgrove,214.1607,490.5515,279.9936,86.7232,1222.8645999999999
675,Mid,Bromsgrove,125.7051,480.7607,258.6005,91.6318,1119.7577999999999
35,High,Bromsgrove,657.0116,1405.2517,845.4059,332.38239999999996,3612.7294
676,Mid,Broxbourne,757.9955,1220.3128,846.6465999999999,258.5285,3239.1005999999998
36,High,Broxbourne,432.9553,1216.3953,720.3844,192.8679,2724.8788
356,Low,Broxbourne,194.23919999999998,425.6599,207.8518,57.684,938.0156
677,Mid,Broxtowe,119.8549,830.2855,214.0763,62.5179,1277.1109
37,High,Broxtowe,317.6187,1655.1569,503.9886,123.8588,2694.5157
357,Low,Broxtowe,665.7376,3154.4867,934.8992000000001,286.08700000000005,5299.0834
678,Mid,Buckinghamshire UA,854.6683,2633.854,1267.0774,315.418,5368.2103
38,High,Buckinghamshire UA,3974.9247,9119.9401,5948.6571,1510.1455,21732.0456
358,Low,Buckinghamshire UA,569.0153,2081.8787,857.9213,273.0385,4092.2449
679,Mid,Burnley,122.5024,370.6151,151.6553,43.2767,735.2957
39,High,Burnley,265.8532,802.2094999999999,342.16450000000003,107.24759999999999,1590.263
359,Low,Burnley,543.9907,1016.1775,593.6652,218.557,2577.8527
680,Mid,Bury,71.0872,543.0958,122.0952,44.597,811.096
360,Low,Bury,715.1122,1575.2346,821.5722,239.61079999999998,3594.8347
40,High,Bury,891.0412,2581.0803,1214.5789,254.6888,5152.1476999999995
361,Low,Caerphilly / Caerffili,437.72339999999997,1019.6452,573.3352,213.4842,2366.1533
681,Mid,Caerphilly / Caerffili,91.43900000000001,423.9426,138.46359999999999,37.187,749.254
41,High,Caerphilly / Caerffili,313.05559999999997,1176.1408000000001,529.6125,158.80100000000002,2267.3694
362,Low,Calderdale,841.2218,1895.5025999999998,1202.1566,422.6847,4665.3626
682,Mid,Calderdale,137.1905,597.8698,252.5981,81.0155,1141.7847
42,High,Calderdale,301.2369,1429.4723999999999,632.6632999999999,158.6863,2616.6174
363,Low,Cambridge,119.4861,2090.0671,235.3159,44.1155,2527.4813
683,Mid,Cambridge,140.7462,2559.5105,350.95279999999997,73.3471,3180.2717000000002
43,High,Cambridge,755.4557,7985.298900000001,1645.701,304.4236,11031.6904
364,Low,Camden,132.4333,2141.2578,415.7937,118.4946,2875.2388
684,Mid,Camden,213.439,2802.9279,596.5079999999999,149.8192,3833.2079
44,High,Camden,972.1925,12612.636,3195.5206000000003,569.6005,17612.3902
685,Mid,Cannock Chase,563.5912,1218.0720000000001,679.0863,260.1727,3009.127
45,High,Cannock Chase,316.1832,833.7237,462.91839999999996,152.523,1907.5355
365,Low,Cannock Chase,102.7795,318.26230000000004,141.2761,74.9634,706.0477
46,High,Canterbury,609.6822,4581.6634,989.2921,402.8442,6907.8978
366,Low,Canterbury,453.0217,1855.8965999999998,585.4504000000001,247.385,3420.2771
686,Mid,Canterbury,433.336,2664.3384,625.9053,299.5792,4293.752
47,High,Cardiff / Caerdydd,511.944,8298.0635,1183.1285,262.638,10455.190200000001
367,Low,Cardiff / Caerdydd,599.6643,5572.4847,1047.0694,320.9742,7839.7929
687,Mid,Cardiff / Caerdydd,252.68540000000002,4736.2653,558.0121,107.2279,5777.6714
48,High,Carmarthenshire / Sir Gaerfyrddin,278.6597,1032.7808,626.5731999999999,305.8271,2468.1216
368,Low,Carmarthenshire / Sir Gaerfyrddin,411.1003,768.8713,531.4539,340.6322,2322.7167
688,Mid,Carmarthenshire / Sir Gaerfyrddin,309.9436,798.5634,447.9562,276.93739999999997,2015.7775
49,High,Castle Point,315.3089,693.2983,412.61459999999994,232.0825,1843.8841
369,Low,Castle Point,206.76110000000003,402.3156,265.95300000000003,119.5399,1133.7816000000003
689,Mid,Castle Point,316.4903,514.2073,340.6017,201.73340000000002,1555.7574
50,High,Central Bedfordshire UA,1718.7951,4402.2218,2873.0321,760.335,10319.5286
690,Mid,Central Bedfordshire UA,1550.1584,2788.8394,1762.634,547.6554,7115.146
370,Low,Central Bedfordshire UA,304.1887,1160.9174,501.64259999999996,143.74360000000001,2269.4916
691,Mid,Ceredigion / Ceredigion,43.9944,838.7408,121.5471,114.7419,1181.5668
51,High,Ceredigion / Ceredigion,152.32569999999998,1432.7126,351.6319,246.2826,2307.8121
371,Low,Ceredigion / Ceredigion,117.3837,1133.2865,238.519,192.4929,1852.3938
692,Mid,Charnwood,254.29590000000002,2464.8284,388.9966,133.2326,3454.1203
52,High,Charnwood,294.24,4625.9065,573.3646,161.6958,5795.6003
372,Low,Charnwood,750.7416000000001,2994.5853,1131.1665,394.1372,5637.7333
693,Mid,Chelmsford,801.2411999999999,2169.923,1114.3731,371.0847,4808.6212
53,High,Chelmsford,602.6038,2481.1131,1065.9971,241.1983,4639.0359
373,Low,Chelmsford,292.25190000000003,934.3631,396.95029999999997,87.6531,1820.5027
694,Mid,Cheltenham,120.6198,921.1037,210.5295,70.7957,1385.2474
54,High,Cheltenham,577.2694,2679.3688,1006.3902,262.4092,4907.7385
374,Low,Cheltenham,226.53959999999998,1403.3302,398.3082,162.7041,2396.757
55,High,Cherwell,941.6948,2824.5051,1648.3221999999998,486.2661,6265.3188
375,Low,Cherwell,116.7582,588.8243,235.0395,74.0511,1091.3790999999999
695,Mid,Cherwell,160.4046,754.0887,282.8155,100.1872,1396.5518
376,Low,Cheshire East UA,978.5962000000001,2679.2652,1691.2425,819.8117,6918.4298
696,Mid,Cheshire East UA,676.902,2167.4163,1095.3700000000001,477.5998,4828.6783000000005
56,High,Cheshire East UA,1080.7798,4037.0873,1945.4123,639.9632,8137.1044
377,Low,Cheshire West and Chester UA,767.4514,2793.012,1220.2483,523.3043,5732.4998
697,Mid,Cheshire West and Chester UA,573.4649000000001,2090.2756,815.9111,280.1754,4025.884
57,High,Cheshire West and Chester UA,990.6863000000001,4673.8234,1802.3211,645.7537,8594.4113
378,Low,Chesterfield,304.7044,799.6197,395.55039999999997,156.4921,1795.9862
698,Mid,Chesterfield,67.551,268.0258,152.5153,33.887,554.1814
58,High,Chesterfield,368.4652,1073.6025,584.9473,242.1754,2567.979
379,Low,Chichester,99.6827,543.8487,194.96970000000002,119.436,1092.8839
699,Mid,Chichester,396.42150000000004,1108.3052,559.3902,333.2542,2687.1079
59,High,Chichester,673.5831000000001,2366.2009,1190.3354,746.7253,5761.8494
700,Mid,Chorley,286.2471,738.6767,444.69480000000004,156.50869999999998,1856.5887
60,High,Chorley,148.1277,792.2855,341.2352,135.8577,1525.4809
380,Low,Chorley,512.8739,1033.6856,691.7868,286.0914,2770.7225
61,High,City of London,33.3005,890.1772,218.6956,72.4113,1256.0188
381,Low,City of London,4.3628,135.4339,17.5031,7.654999999999999,169.818
701,Mid,City of London,3.0,152.6485,19.5655,2.5846999999999998,182.647
62,High,Colchester,696.5541,3016.2739,983.1985,254.9699,5127.7527
382,Low,Colchester,477.49389999999994,1561.8738,680.9999,209.7819,3157.5249
702,Mid,Colchester,641.0093,2130.2503,792.2368,305.4949,4106.8349
63,High,Conwy / Conwy,112.0393,681.5664,284.7762,238.6884,1484.6041
383,Low,Conwy / Conwy,281.61240000000004,672.9772,475.67049999999995,313.3059,2094.0542
703,Mid,Conwy / Conwy,133.9195,456.79310000000004,274.1954,205.614,1259.1932
64,High,Cornwall UA,1236.5017,5009.3773,2442.0041,1514.6863,11013.4386
384,Low,Cornwall UA,718.6778,2199.1481,1235.8075000000001,773.8606,5549.7446
704,Mid,Cornwall UA,789.5309,3392.7914,1512.7676000000001,839.7773,7036.9764000000005
385,Low,Cotswold,89.1804,378.3481,133.2297,108.3187,882.1142
705,Mid,Cotswold,271.5502,734.5421,341.0152,218.04389999999998,1757.3575
65,High,Cotswold,498.0,1413.2907,897.1712,477.3537,3618.6012
706,Mid,County Durham UA,585.903,3805.7849,882.1605000000001,395.2843,5878.7011999999995
66,High,County Durham UA,571.0119,5243.5585,1151.3662,438.7135,7666.447
386,Low,County Durham UA,2045.8243,6154.5991,2964.1443,1254.5062,13294.219000000001
707,Mid,Coventry,444.524,3272.5192,614.1441,109.282,4522.7802
67,High,Coventry,1110.9111,9032.6867,1862.7775,363.2863,12574.715
387,Low,Coventry,666.4772,3428.4236,846.7759000000001,197.5505,5262.8489
708,Mid,Crawley,161.1191,624.4436000000001,290.6142,50.6447,1179.1906999999999
68,High,Crawley,766.0028,1927.412,1072.7884,246.2108,4180.9313
388,Low,Crawley,104.3981,364.0693,164.9647,41.0711,704.5612
709,Mid,Croydon,409.69,1832.8073,601.9913,131.7812,3055.302
69,High,Croydon,4199.5639,10542.5163,6337.9393,1249.9334999999999,23129.5208
389,Low,Croydon,256.0983,1470.7426,417.9448,77.9483,2299.0317999999997
710,Mid,Cumberland UA,215.8963,950.6811,393.8512,249.1202,1916.9309
390,Low,Cumberland UA,277.4116,1015.8572,527.2938,390.6955,2431.5912
70,High,Cumberland UA,344.2043,1313.4868999999999,682.9640999999999,343.15930000000003,2918.2458
391,Low,Dacorum,106.6015,503.2701,146.1268,44.0158,866.3052
711,Mid,Dacorum,320.43059999999997,1130.255,610.6682,122.0299,2311.8877
71,High,Dacorum,988.6984,2833.4523,1557.7807,361.3413,6083.3282
392,Low,Darlington UA,464.2622,1175.018,710.5003,264.7486,2875.8291
712,Mid,Darlington UA,80.1635,493.7179,157.7948,63.1686,848.302
72,High,Darlington UA,168.3654,603.7059,256.4593,98.3874,1183.6621
393,Low,Dartford,173.016,458.7403,214.3939,44.2967,956.5178
713,Mid,Dartford,891.7096,1254.3366,878.2666,201.3055,3404.8716
73,High,Dartford,1049.63,2079.3328,1363.2965,241.0857,4957.7728
394,Low,Denbighshire / Sir Ddinbych,292.5937,647.3168,406.1678,261.1754,1854.3910999999998
714,Mid,Denbighshire / Sir Ddinbych,270.739,576.0606,403.2533,235.6651,1690.3076
74,High,Denbighshire / Sir Ddinbych,149.5586,628.5052000000001,266.213,158.8509,1307.243
715,Mid,Derby UA,317.8496,1839.2311,514.0754,114.0108,2867.4893
75,High,Derby UA,609.7722,2906.5227,916.2415,247.76590000000002,4893.6217
395,Low,Derby UA,767.863,3000.2577,1081.4316,273.1916,5426.7385
76,High,Derbyshire Dales,184.1255,643.8568,395.4076,204.0058,1556.1957
396,Low,Derbyshire Dales,246.7767,568.5035,423.0197,283.1724,1808.0084
716,Mid,Derbyshire Dales,82.7483,288.1674,142.3686,100.7585,688.7337
77,High,Doncaster,606.4852,1709.4954,769.0984,210.6588,3405.326
397,Low,Doncaster,821.5768,1801.9411,1049.9222,355.0724,4241.8196
717,Mid,Doncaster,535.7712,1476.8763,785.9852,282.4057,3264.0102
78,High,Dorset UA,1020.3172,2921.9064,1539.8572,1370.3593,7898.9403
398,Low,Dorset UA,295.3933,770.6981,538.6717,438.5363,2467.301
718,Mid,Dorset UA,678.141,1471.1975,885.4525,688.477,4268.5307999999995
79,High,Dover,308.446,681.3093,339.8124,247.2382,1733.0719
399,Low,Dover,412.7367,868.0609,519.3135,284.1987,2425.1715
719,Mid,Dover,329.3888,704.0468,420.0505,227.4819,1923.7733
400,Low,Dudley,910.4048,1923.4632000000001,1083.3039999999999,325.24109999999996,4494.5016
720,Mid,Dudley,488.46829999999994,1280.7598,643.6401,141.4405,2683.0728
80,High,Dudley,1071.8331,2609.3709,1296.859,355.6689,5601.6554
721,Mid,Ealing,745.6631999999998,3301.7315,1341.4668,278.6311,5795.6091
401,Low,Ealing,189.6453,1919.6098,443.5796,102.2457,2704.5086
81,High,Ealing,2666.4751,12395.5522,5431.1318,1079.4431,22065.5517
722,Mid,East Cambridgeshire,118.2926,519.752,227.4624,102.6765,1068.8671
402,Low,East Cambridgeshire,116.3626,445.5048,152.1951,98.9074,913.81
82,High,East Cambridgeshire,491.11879999999996,1472.4484,937.8751000000001,348.9028,3556.1213
403,Low,East Devon,329.1387,801.7607,514.5766,381.4835,2410.3661
83,High,East Devon,357.4391,1086.5641,685.9104,452.0524,2945.016
723,Mid,East Devon,439.0650999999999,1100.8976,724.7873,372.4692,2980.4112999999998
84,High,East Hampshire,974.7375000000001,1959.9429,1450.5608,524.4298,5498.3198
724,Mid,East Hampshire,326.18109999999996,748.0152,462.1101,177.9486,1932.278
404,Low,East Hampshire,68.0864,256.9105,82.2399,59.217999999999996,566.1005
85,High,East Hertfordshire,883.8318,2642.6802,1436.3285,460.9112,5859.8174
725,Mid,East Hertfordshire,565.2305,1352.1429,810.1134000000001,318.849,3321.7974000000004
405,Low,East Hertfordshire,117.8134,645.3736,258.16859999999997,51.2401,1173.4747
86,High,East Lindsey,278.0587,702.5885,509.2987,550.6321,2390.0090999999998
406,Low,East Lindsey,438.7175,860.8075,668.7608,714.0227,3172.3351
726,Mid,East Lindsey,358.3071,724.0343,513.1235,515.9249,2461.9007
407,Low,East Riding of Yorkshire UA,1473.1024,3091.2248,2119.5378,1152.1391999999998,8779.4238
727,Mid,East Riding of Yorkshire UA,525.1351000000001,1755.9868999999999,835.744,468.6115,3985.5155
87,High,East Riding of Yorkshire UA,429.46650000000005,1596.1859,753.6499,475.7584,3576.1801
408,Low,East Staffordshire,460.52160000000003,907.9395000000001,559.1052,221.322,2329.2318
728,Mid,East Staffordshire,300.1398,739.9634,455.894,197.625,1887.9380999999998
88,High,East Staffordshire,362.7364,1073.4991,542.7395,204.6243,2322.695
409,Low,East Suffolk,346.5585,913.3475,551.7114,386.7697,2643.6396
729,Mid,East Suffolk,812.8763,1957.5721,1232.2291,745.5681,5346.478099999999
89,High,East Suffolk,510.9694,1554.1719,1010.8099,637.2461,4230.7411999999995
410,Low,Eastbourne,425.32869999999997,829.5933,644.6117999999999,287.6309,2627.7034
730,Mid,Eastbourne,73.4775,419.1874,168.5967,65.0913,817.8988
90,High,Eastbourne,346.1939,1282.1317,794.36,347.0193,3146.8109999999997
411,Low,Eastleigh,44.547,225.339,86.5948,48.9064,469.2658
91,High,Eastleigh,1139.8528999999999,2637.8952,1591.159,488.6522,6421.1695
731,Mid,Eastleigh,133.5278,600.8838,248.1366,93.3532,1184.7586
92,High,Elmbridge,1360.4079000000002,3163.9585,2553.1796,527.2805,8246.5736
412,Low,Elmbridge,54.9914,387.8556,106.8841,45.9957,658.5292
732,Mid,Elmbridge,83.7141,640.1571,230.5598,71.9314,1129.3991
93,High,Enfield,2078.1675999999998,5614.9317,3101.6635,675.9379,11892.0887
413,Low,Enfield,1449.3624000000002,2779.83,1812.7002000000005,427.7849,6748.0569
733,Mid,Enfield,362.9533,1330.4294,558.9609,116.4041,2425.4072
94,High,Epping Forest,726.4881,1989.9524999999999,1170.3739,295.8757,4475.1536
414,Low,Epping Forest,393.62320000000005,816.2686,574.0517999999998,176.7293,2212.0522
734,Mid,Epping Forest,378.6335,816.1513,503.75600000000003,200.0591,2124.3940000000002
95,High,Epsom and Ewell,1031.4917,2012.1415,1517.2306999999998,339.1878,5184.1425
415,Low,Epsom and Ewell,33.6929,258.3766,48.7959,21.6754,389.9417
735,Mid,Epsom and Ewell,34.0674,391.5322,88.1565,11.6751,550.0103
416,Low,Erewash,527.9258,1593.1192,856.2177,283.6782,3522.1469
736,Mid,Erewash,135.4901,466.2446,176.1497,47.2166,887.7785
96,High,Erewash,252.9728,912.6175999999999,428.0973,117.3296,1817.9618
737,Mid,Exeter,95.7137,2025.2881,254.1602,64.6085,2494.0756
97,High,Exeter,248.56380000000001,4927.0154,579.2593,125.72919999999999,5994.753
417,Low,Exeter,567.0758000000001,3110.4826,866.5266,313.2794,5257.964
738,Mid,Fareham,248.5311,677.1546,407.72069999999997,175.2062,1683.9259
98,High,Fareham,645.7248,1619.6549,869.1886000000001,351.4257,4026.9447
418,Low,Fareham,41.9645,181.6559,58.478899999999996,44.3457,380.1909
739,Mid,Fenland,362.3954,790.1754999999999,431.6299,230.5168,1980.3748
99,High,Fenland,341.5737,882.4062,556.3333,317.6261,2341.5452999999998
419,Low,Fenland,293.82430000000005,594.9883,314.2081,195.12210000000002,1615.6483
740,Mid,Flintshire / Sir y Fflint,388.82730000000004,965.3644,555.5727,234.2739,2307.7484
100,High,Flintshire / Sir y Fflint,207.21020000000001,804.0427,314.3754,112.778,1485.8161
420,Low,Flintshire / Sir y Fflint,262.18010000000004,703.4294,438.8078,192.4185,1729.4075
101,High,Folkestone and Hythe,415.9651,1017.5313,721.7098,344.6409,2815.6718
421,Low,Folkestone and Hythe,151.7622,485.8312,289.8287,164.8747,1268.9079000000002
741,Mid,Folkestone and Hythe,290.3761,649.1787,441.5182,245.1391,1854.0557
422,Low,Forest of Dean,239.1296,706.6561,352.27360000000004,189.6173,1686.3553
742,Mid,Forest of Dean,200.21,613.9261,246.32010000000002,147.0187,1335.7562
102,High,Forest of Dean,299.7833,1023.2195,586.0471,329.3248,2389.1184
423,Low,Fylde,562.8658,948.9036,853.6441,594.7171,3572.4615
743,Mid,Fylde,114.9929,350.9848,164.779,124.6476,892.54
103,High,Fylde,126.7677,579.2989,269.3606,254.0742,1430.5998
424,Low,Gateshead,538.7067,2036.1761000000001,855.3257,242.1936,3903.9302000000002
744,Mid,Gateshead,343.83070000000004,2168.1486999999997,624.9039,161.35680000000002,3389.0317999999997
104,High,Gateshead,202.7783,1145.1556,282.7863,58.7597,1735.6889
425,Low,Gedling,1005.3480999999999,2282.7882,1400.1494,453.35720000000003,5552.126200000001
745,Mid,Gedling,62.2154,342.2744,110.46770000000001,51.9705,612.6148
105,High,Gedling,155.45090000000002,717.1643,303.5601,106.4946,1345.1248
746,Mid,Gloucester,180.425,1057.9477,325.8802,98.5868,1755.1233
106,High,Gloucester,659.7507,2112.4165000000003,979.6605999999999,285.2845,4302.203
426,Low,Gloucester,192.3903,1081.6364999999998,302.0847,102.9143,1819.5935
107,High,Gosport,386.8965,1005.9784,564.1297,307.97839999999997,2557.0665
427,Low,Gosport,43.5982,153.0391,76.4308,50.7545,371.3985
747,Mid,Gosport,156.1742,398.771,192.8042,86.34920000000001,909.0005
108,High,Gravesham,901.6104,1527.2253,982.1407,189.1728,3747.8244
428,Low,Gravesham,158.7054,450.2262,182.0472,45.725,889.9936
748,Mid,Gravesham,466.9316,852.6153,532.1682,157.82150000000001,2144.487
109,High,Great Yarmouth,194.1518,563.9371,361.5679,272.50579999999997,1587.4632000000001
429,Low,Great Yarmouth,168.71540000000002,353.2168,217.1613,114.09309999999999,946.6138
749,Mid,Great Yarmouth,166.3432,475.3667,249.8978,182.1407,1185.9759
110,High,Greenwich,1758.2513999999999,9569.9391,4066.6457,701.0317,16420.566
430,Low,Greenwich,162.6314,1584.8957,379.9869,73.9919,2260.8596000000002
750,Mid,Greenwich,960.5629000000001,2727.4013,1130.2375,243.8547,5194.1918
111,High,Guildford,1212.5095,5990.8531,2029.2715,527.5889,10164.1303
751,Mid,Guildford,267.117,2153.5976,504.204,146.79659999999998,3207.6686
431,Low,Guildford,80.0735,1069.3864,145.8853,60.4832,1394.4964
752,Mid,Gwynedd / Gwynedd,170.7969,1008.5699,356.3447,193.6182,1867.7164
112,High,Gwynedd / Gwynedd,118.17909999999999,1359.4907,393.8476,197.6987,2191.9346
432,Low,Gwynedd / Gwynedd,150.8221,1035.8631,339.30080000000004,207.3738,1898.8701
753,Mid,Hackney,331.0189,2073.4241,527.8081,128.3097,3102.0054999999998
113,High,Hackney,922.2559,13439.838300000001,3386.0576,474.4742,18409.323
433,Low,Hackney,460.492,2381.9689,739.1854,148.2934,3799.5166
754,Mid,Halton UA,298.5604,658.7443,366.8078,133.2077,1541.3348
114,High,Halton UA,384.849,1273.2123,612.8711999999999,187.7722,2579.16
434,Low,Halton UA,126.4285,412.0622,227.7772,70.3662,878.4667000000001
755,Mid,Hammersmith and Fulham,190.5411,2246.5119,456.63689999999997,102.734,3053.3072
115,High,Hammersmith and Fulham,1269.6115,12174.8545,3360.8073,596.1437,17748.2385
435,Low,Hammersmith and Fulham,55.6954,1557.6676,228.7834,69.0496,1936.7707
116,High,Harborough,415.0282,1013.1955,635.3820000000001,228.1038,2490.1439
436,Low,Harborough,400.9247,902.5452,584.3121000000001,248.6695,2404.9674
756,Mid,Harborough,171.696,536.961,284.4285,129.9804,1270.9032
437,Low,Haringey,131.8453,1435.4921,296.1851,66.7948,1981.7829
757,Mid,Haringey,915.6818999999999,2791.9132,1301.6287,322.83979999999997,5432.6645
117,High,Haringey,2102.9453999999996,11949.4748,4989.3091,801.9283,20098.37
438,Low,Harlow,222.72279999999998,414.1313,198.1313,57.0407,930.5887
758,Mid,Harlow,436.8075,794.8071,480.3155,127.7132,1952.8428999999999
118,High,Harlow,599.3886,1132.4912,713.5527999999999,137.1392,2667.256
439,Low,Harrow,188.1539,908.745,323.0086,60.1074,1546.7707
759,Mid,Harrow,1246.2887,2855.134,1643.5560000000003,375.2566,6392.882299999999
119,High,Harrow,1660.9364,5049.2173,2657.5176,526.4512,10290.4879
440,Low,Hart,39.588100000000004,188.3908,64.20139999999999,24.4128,387.036
760,Mid,Hart,132.8987,495.1584,197.9404,64.1134,1009.0507
120,High,Hart,842.5157,1956.219,1377.2308,424.80330000000004,5027.9311
441,Low,Hartlepool UA,528.7225,1029.0019,628.6377,261.9378,2632.0438999999997
121,High,Hartlepool UA,150.6094,354.838,209.4395,68.12650000000001,811.7935
761,Mid,Hartlepool UA,103.3255,378.1764,114.8068,61.277699999999996,691.2619000000001
122,High,Hastings,280.8455,823.3817,669.2161,286.0327,2235.1245
442,Low,Hastings,386.364,760.1869,490.297,232.6353,2170.1372
762,Mid,Hastings,68.1686,253.2557,159.34720000000002,76.71770000000001,619.9825
123,High,Havant,482.50489999999996,1240.8613,736.5991,393.8938,3198.9829
443,Low,Havant,52.1286,153.8268,89.331,41.3369,411.9976
763,Mid,Havant,788.1519000000001,1168.5834,869.5396999999999,363.9283,3506.2637
124,High,Havering,1634.2922999999998,3797.7964,2193.9148999999998,507.92490000000004,8506.7184
444,Low,Havering,991.4748000000001,1734.8887,1207.0298,294.167,4471.09
764,Mid,Havering,1186.8793999999998,1944.0451000000003,1270.5868000000003,307.60220000000004,4964.187400000001
125,High,Herefordshire UA,388.8461,1300.7974,717.5275,484.7702,3220.4215
445,Low,Herefordshire UA,405.8651,779.6129,521.9512,398.42289999999997,2497.2915
765,Mid,Herefordshire UA,339.4519,806.653,493.94390000000004,322.06280000000004,2233.7292
446,Low,Hertsmere,86.6374,539.6783,194.4196,36.4476,939.826
766,Mid,Hertsmere,339.8238,786.5959,583.4389,164.4443,1996.0569
126,High,Hertsmere,964.4593,2510.7548,1454.2456,326.3217,5720.0252
767,Mid,High Peak,63.9196,309.7033,113.6647,46.1372,576.7128
127,High,High Peak,215.392,887.5138000000001,415.7208,193.8171,1839.2396
447,Low,High Peak,302.019,720.6696999999999,478.1314,186.66250000000002,1883.8289
768,Mid,Hillingdon,431.6878,1924.184,875.9762000000001,164.8587,3526.6063999999997
128,High,Hillingdon,2925.2111,8305.9772,4598.8575,952.4347,17393.672300000002
448,Low,Hillingdon,243.4094,1249.1855,412.27139999999997,105.4667,2065.9328
769,Mid,Hinckley and Bosworth,193.9872,585.015,364.10949999999997,147.642,1442.2658999999999
129,High,Hinckley and Bosworth,395.7453,1147.661,602.861,238.9365,2597.874
449,Low,Hinckley and Bosworth,350.8021,981.7852,481.1293,223.72539999999998,2227.2881
770,Mid,Horsham,218.49300000000002,592.8368,281.161,108.7555,1322.1387
130,High,Horsham,1030.994,2305.4315,1528.6798999999999,585.1899999999999,6112.331099999999
450,Low,Horsham,142.3988,420.85949999999997,223.2188,118.58279999999999,1012.6049
771,Mid,Hounslow,239.0482,1339.3103,498.4569,119.4246,2260.9157
451,Low,Hounslow,171.0251,978.7381,348.664,81.4001,1624.7257
131,High,Hounslow,2363.304,7549.1629,4369.7758,909.7566,15639.8
452,Low,Huntingdonshire,132.1291,679.51,243.4975,97.0658,1267.5942
772,Mid,Huntingdonshire,630.408,1657.3027,870.5175,334.8597,3715.7302
132,High,Huntingdonshire,889.2974,2723.5526,1532.8594,510.7542,6059.9485
453,Low,Hyndburn,618.9541,1119.983,604.5688,229.46359999999999,2760.6995
773,Mid,Hyndburn,98.07169999999999,321.2265,135.3652,51.256,625.5241
133,High,Hyndburn,202.5562,592.5841,244.9409,80.375,1183.576
454,Low,Ipswich,332.6801,906.0133,447.0754,130.9338,2000.4150000000002
774,Mid,Ipswich,224.5848,816.6146,332.5748,66.3589,1492.4099999999999
134,High,Ipswich,246.5026,1070.134,464.8905,114.0305,1950.3365000000001
455,Low,Isle of Anglesey / Ynys Môn,166.9476,446.55490000000003,332.59209999999996,201.08859999999999,1312.3854000000001
775,Mid,Isle of Anglesey / Ynys Môn,49.638999999999996,154.7746,90.729,101.66669999999999,435.9812
135,High,Isle of Anglesey / Ynys Môn,87.2509,336.8935,130.7347,133.9474,780.3908
776,Mid,Isle of Wight UA,156.0942,394.25399999999996,250.8403,240.1902,1188.8111
136,High,Isle of Wight UA,310.8926,895.7045,526.1447,474.5987,2521.6404
456,Low,Isle of Wight UA,90.15090000000001,244.6519,164.2804,170.6396,803.1833
137,High,Isles of Scilly,0.0,78.0463,24.988,17.1723,123.6443
457,Low,Isles of Scilly,12.138300000000001,91.0773,49.5073,26.0353,191.7583
777,Mid,Isles of Scilly,1.403,40.1047,10.1381,9.600999999999999,67.2614
138,High,Islington,746.8015,14184.2534,2992.0599,443.1231,18550.584899999998
458,Low,Islington,325.5343,2486.3798,682.6127,129.9187,3683.4081
778,Mid,Islington,201.1702,2316.6514,443.4971,81.4701,3085.311
139,High,Kensington and Chelsea,876.5458,6495.0603,2327.5189,553.766,10572.0715
459,Low,Kensington and Chelsea,62.0607,616.5408,143.82649999999998,61.380399999999995,934.5185
779,Mid,Kensington and Chelsea,159.8707,911.6926,305.6792,115.3155,1547.8544
140,High,King's Lynn and West Norfolk,483.416,1069.2947,812.8651,510.3649,3235.1313999999998
460,Low,King's Lynn and West Norfolk,250.6463,560.9537,370.3497,255.31380000000001,1702.1478
780,Mid,King's Lynn and West Norfolk,236.6709,674.8015,376.4476,279.3502,1748.9056
461,Low,Kingston upon Hull UA,271.2283,1494.1985,404.8356,67.7753,2275.1061
781,Mid,Kingston upon Hull UA,736.0587,3121.2063000000003,1144.2562,422.2374,5900.7005
141,High,Kingston upon Hull UA,248.9844,1765.709,458.5002,118.3902,2644.0624
782,Mid,Kingston upon Thames,143.5047,1283.2218,299.28159999999997,65.7118,1850.0205
142,High,Kingston upon Thames,1327.5703,5691.5914999999995,2621.7614,482.0966,10578.0237
462,Low,Kingston upon Thames,79.6655,891.1106,170.5401,34.8481,1198.8156
783,Mid,Kirklees,681.8290000000001,2377.9736,1012.4047,348.0012,4733.1202
143,High,Kirklees,855.1345,3420.9454,1345.1957,317.348,6210.3099999999995
463,Low,Kirklees,736.0539,2402.3223,957.0069,310.5059,4665.5806999999995
784,Mid,Knowsley,303.94730000000004,687.0449,336.66450000000003,93.5492,1469.4171
144,High,Knowsley,1269.2914,2911.4182,1680.0194999999999,486.2623,6667.1662
464,Low,Knowsley,130.987,371.6535,198.6289,54.8758,792.7648
785,Mid,Lambeth,164.3081,3695.0021,489.3273,99.5858,4487.3475
145,High,Lambeth,1887.4442,19928.707300000002,5167.8175,965.8791,28301.4146
465,Low,Lambeth,109.8793,2806.3919,410.8635,83.4385,3452.6749
146,High,Lancaster,238.2398,2983.5168,449.4292,173.666,3952.8942
466,Low,Lancaster,325.855,2367.187,502.9374,312.9728,3697.7742
786,Mid,Lancaster,121.8113,1633.5276999999999,184.6939,82.5517,2074.4345
467,Low,Leeds,1595.4217999999998,11487.3164,2368.4454,576.3769,16533.5951
787,Mid,Leeds,859.5866,8742.3757,1495.3509999999999,389.7811,11847.7865
147,High,Leeds,794.1465,11874.5376,1714.4633000000001,310.0607,14914.3901
468,Low,Leicester UA,587.3369,3811.4193,711.5854,149.898,5443.470200000001
788,Mid,Leicester UA,733.5493,3648.6429,930.8706000000001,222.2661,5868.9649
148,High,Leicester UA,954.3688999999999,6499.6563,1292.3212,228.9685,9197.9659
469,Low,Lewes,212.40320000000003,491.8382,336.3436,147.3427,1393.7454
789,Mid,Lewes,88.9827,326.5366,127.3098,89.9746,714.7524
149,High,Lewes,596.9116,1556.3354,1153.9604,465.69230000000005,4220.0786
470,Low,Lewisham,138.8028,1547.2835,400.5078,90.1126,2204.5343000000003
790,Mid,Lewisham,268.4901,1894.9058,609.9733,110.1747,2946.7871
150,High,Lewisham,2113.3516,11956.8659,5114.7779,838.6324999999999,20339.2457
471,Low,Lichfield,278.402,661.9734,349.1557,152.4862,1577.8249
151,High,Lichfield,509.9808,1419.0783000000001,731.7356,357.6084,3236.5012
791,Mid,Lichfield,469.13559999999995,868.0806,570.3874999999999,238.10320000000002,2393.7222
152,High,Lincoln,355.9971,2752.5045,548.3783999999999,207.7269,4073.8308
472,Low,Lincoln,148.6047,2637.1178,293.8974,114.39489999999999,3298.2936999999997
792,Mid,Lincoln,201.84980000000002,2094.6913,340.3618,134.1882,2922.2175
153,High,Liverpool,1236.3328999999999,10788.3625,2337.3835,523.2877,15164.367900000001
473,Low,Liverpool,577.8063,7952.2852,1002.4673,243.91389999999998,9899.7506
793,Mid,Liverpool,1036.6406,9068.765800000001,1607.1067,364.3315,12363.3855
154,High,Luton UA,993.112,2686.7579,1289.3974,220.5264,5296.0029
474,Low,Luton UA,226.7347,862.9016,314.07120000000003,57.645599999999995,1494.0136
794,Mid,Luton UA,618.0722,1339.3573,758.0899,184.2298,3056.7366
155,High,Maidstone,912.8620999999999,2054.8451,1380.8616,407.062,5079.4656
475,Low,Maidstone,550.0928,1219.0822,770.5731,271.7526,3140.645
795,Mid,Maidstone,655.4157,1373.3492,865.9268999999999,321.066,3494.725
796,Mid,Maldon,273.6276,526.1736,378.3898,218.3777,1604.3777
156,High,Maldon,271.42109999999997,727.0674,459.53350000000006,271.9715,1937.9935
476,Low,Maldon,55.4324,151.3864,101.45830000000001,83.0252,478.1877
797,Mid,Malvern Hills,265.122,646.2667,392.3233,183.1352,1643.0311
157,High,Malvern Hills,291.5735,798.3969999999999,514.5479,323.57959999999997,2206.3374
477,Low,Malvern Hills,179.3237,467.3876,345.0176,188.1426,1383.0569
478,Low,Manchester,2193.9616,12118.28,2876.0775,637.6673999999999,18181.3063
798,Mid,Manchester,545.3163,8039.4920999999995,948.4362,181.6087,9801.8331
158,High,Manchester,1730.9386,18293.1125,2892.1509,451.53999999999996,23598.3176
799,Mid,Mansfield,138.9746,379.8956,209.0955,60.6585,835.824
479,Low,Mansfield,777.4919,1554.9973,995.1415,296.4508,3948.9316
159,High,Mansfield,182.2156,544.3732,265.8095,92.6923,1138.5865
160,High,Medway UA,1736.4442000000001,3413.8928,2092.5195,483.2534,8006.653600000001
480,Low,Medway UA,664.1913999999999,1521.0311,744.7863,229.62030000000001,3349.5353999999998
800,Mid,Medway UA,787.4763,1664.9041,906.7807,252.4628,3767.1652
481,Low,Melton,160.072,393.3594,210.3646,133.0709,1012.8451
161,High,Melton,127.0932,328.9458,192.51250000000002,100.9783,824.1658
801,Mid,Melton,209.2993,440.1681,292.56080000000003,161.9122,1215.0443
162,High,Merthyr Tydfil / Merthyr Tudful,129.79749999999999,303.3814,207.8756,39.8029,712.8057
802,Mid,Merthyr Tydfil / Merthyr Tudful,21.9374,125.82010000000001,49.3732,13.0376,215.412
482,Low,Merthyr Tydfil / Merthyr Tudful,118.27590000000001,256.0499,147.66809999999998,65.5846,630.0543
163,High,Merton,2045.1926999999998,8324.3474,4127.5056,739.0373,15691.7153
803,Mid,Merton,143.1232,1287.6061,306.3129,72.54169999999999,1850.2226
483,Low,Merton,76.4101,944.9677,213.1214,41.0962,1299.676
804,Mid,Mid Devon,196.4629,560.1808000000001,295.67130000000003,139.006,1281.7035
164,High,Mid Devon,232.341,650.5612,356.3101,234.4916,1619.5649
484,Low,Mid Devon,276.279,483.51709999999997,395.4671,217.7449,1582.7792
165,High,Mid Suffolk,289.2378,795.0149,460.9873,326.8701,2103.0051
485,Low,Mid Suffolk,230.9218,535.0011000000001,306.3615,194.1511,1476.5654
805,Mid,Mid Suffolk,353.7472,978.57,543.97,359.5006,2464.9056
806,Mid,Mid Sussex,219.42059999999998,686.6281,312.3106,129.0656,1511.2947
166,High,Mid Sussex,1145.3189,2670.0924,1803.5975,578.4603,6763.9454
486,Low,Mid Sussex,162.8947,523.5842,292.9919,116.1577,1235.8108
487,Low,Middlesbrough UA,554.5668,1645.2865,663.7173,220.23499999999999,3210.3743
807,Mid,Middlesbrough UA,135.49869999999999,679.8274,170.24790000000002,38.543,1039.4506999999999
167,High,Middlesbrough UA,521.3413,1208.2096999999999,557.1716,196.9169,2711.1576999999997
488,Low,Milton Keynes UA,331.8117,1103.8656,471.13689999999997,99.55669999999999,2128.3453
808,Mid,Milton Keynes UA,846.6651,2109.6379,1137.4795,237.1695,4549.9326
168,High,Milton Keynes UA,1160.7622,3434.4868,1772.7323,345.8053,6915.9781
489,Low,Mole Valley,20.4467,265.2781,60.7508,18.4354,414.45
809,Mid,Mole Valley,217.07760000000002,553.4431,331.97119999999995,114.8746,1364.9237
169,High,Mole Valley,681.9722,1719.5257,1215.7888,386.39,4373.4342
810,Mid,Monmouthshire / Sir Fynwy,63.911100000000005,309.688,124.00019999999999,62.1581,617.5462
170,High,Monmouthshire / Sir Fynwy,369.3469,1121.5888,647.8512,281.0682,2598.3528
490,Low,Monmouthshire / Sir Fynwy,300.0773,610.0006999999999,455.0039,191.1504,1795.6274
811,Mid,Neath Port Talbot / Castell-nedd Port Talbot,307.2377,1126.6003,503.84770000000003,173.64710000000002,2229.07
491,Low,Neath Port Talbot / Castell-nedd Port Talbot,209.0696,629.6238999999999,232.5688,101.35929999999999,1242.078
171,High,Neath Port Talbot / Castell-nedd Port Talbot,230.0469,1158.2376,314.2396,143.07389999999998,1920.308
812,Mid,New Forest,151.2481,457.8451,246.7954,143.02759999999998,1133.9909
172,High,New Forest,544.5929,1590.6348,871.1361,554.7224,4107.8534
492,Low,New Forest,88.0629,250.35569999999998,113.505,116.6755,714.5558
813,Mid,Newark and Sherwood,245.6822,838.8829,410.44739999999996,245.4682,1898.1272999999999
173,High,Newark and Sherwood,231.3605,985.4082,456.8603,208.31040000000002,2041.9509
493,Low,Newark and Sherwood,586.8057,1520.5694999999998,854.3575,398.528,3680.9873
494,Low,Newcastle upon Tyne,830.9661,8679.5711,1483.183,366.14369999999997,11714.0427
814,Mid,Newcastle upon Tyne,466.9146999999999,4297.847299999999,737.7474000000001,176.6124,5854.358
174,High,Newcastle upon Tyne,423.0408,5777.3562,819.0517,156.3289,7282.2209
495,Low,Newcastle-under-Lyme,173.6041,1078.932,286.1822,121.0452,1763.7013
175,High,Newcastle-under-Lyme,249.8375,1767.852,422.3564,138.0532,2673.4383
815,Mid,Newcastle-under-Lyme,727.5726,2095.3836,938.4867,261.8279,4359.4469
496,Low,Newham,688.3644999999999,2830.8755,973.0059,192.6333,4755.3102
176,High,Newham,1802.8768,11379.447199999999,3817.1661,587.4945,17771.7677
816,Mid,Newham,832.7099999999999,3296.2617,1086.9380999999998,229.312,5517.922
497,Low,Newport / Casnewydd,145.0607,560.0643,298.9116,68.4773,1140.0183
817,Mid,Newport / Casnewydd,123.753,654.4455,260.4577,82.0258,1181.0941
177,High,Newport / Casnewydd,595.8068999999999,2016.8961,971.8217000000001,228.1205,4005.3968
178,High,North Devon,353.0922,884.3679,637.6856,390.84430000000003,2593.8882
818,Mid,North Devon,165.38819999999998,408.1799,220.8733,160.7177,1065.4771
498,Low,North Devon,220.6467,358.82800000000003,277.2035,200.3592,1210.9661
819,Mid,North East Derbyshire,65.8813,236.1962,106.1971,57.1743,504.6852
179,High,North East Derbyshire,131.5117,564.6563,273.7151,122.1674,1170.2889
499,Low,North East Derbyshire,602.1316,1318.3081,807.0878,378.546,3409.3813
180,High,North East Lincolnshire UA,218.2261,589.4854,311.3394,128.0337,1345.7323000000001
500,Low,North East Lincolnshire UA,277.6324,705.7456000000001,408.2845,183.4681,1704.4734
820,Mid,North East Lincolnshire UA,420.59119999999996,777.73,411.5139,204.18679999999998,1963.3496
501,Low,North Hertfordshire,153.2047,563.4221,212.9882,46.862899999999996,1057.9512
821,Mid,North Hertfordshire,283.191,1049.9018,485.8363,168.4012,2144.2439
181,High,North Hertfordshire,956.6467,2860.1627,1499.9244999999999,402.35,6202.6147
502,Low,North Kesteven,330.5114,736.6435,458.92,304.0698,2036.5133
822,Mid,North Kesteven,648.2387,1377.0333,783.3458,378.806,3511.7457
182,High,North Kesteven,297.435,733.5466,468.53,249.9149,1930.6404
183,High,North Lincolnshire UA,166.0266,576.0961,312.4279,117.1129,1262.0162
823,Mid,North Lincolnshire UA,330.9078,807.677,419.8119,214.0029,1953.0216
503,Low,North Lincolnshire UA,454.1471,868.9611,622.6869999999999,314.2198,2487.6501
824,Mid,North Norfolk,193.20929999999998,512.2907,310.7226,279.6931,1551.5689
184,High,North Norfolk,338.6385,667.2465000000001,565.4684,450.9254,2491.6142
504,Low,North Norfolk,157.77949999999998,347.2848,273.1815,225.5146,1260.8634
185,High,North Northamptonshire UA,1149.3281,2643.3717,1527.4574,483.5418,6135.8879
825,Mid,North Northamptonshire UA,795.6,1948.7377999999999,1069.4216000000001,404.5466,4443.255
505,Low,North Northamptonshire UA,342.232,1303.7274,421.0634,153.9964,2368.5006000000003
506,Low,North Somerset UA,156.0912,624.1885,271.1309,152.9157,1417.9229
186,High,North Somerset UA,993.8268999999999,2965.5182999999997,1987.2436,596.4746,7052.7073
826,Mid,North Somerset UA,201.84680000000003,879.7378,369.4766,134.3465,1721.8641
827,Mid,North Tyneside,434.8268,1889.5728,841.4411,257.95,3646.3704
187,High,North Tyneside,229.6018,889.782,366.4089,117.1365,1693.3557
507,Low,North Tyneside,470.2473,1544.2361,885.6157000000001,273.1862,3447.4402999999998
828,Mid,North Warwickshire,218.5435,494.2808,286.8624,100.9818,1182.3559
188,High,North Warwickshire,346.25329999999997,799.5943,468.2244,195.2,1978.9188000000001
508,Low,North Warwickshire,166.6742,328.4713,225.03269999999998,68.66839999999999,896.9218999999999
509,Low,North West Leicestershire,408.46029999999996,1279.6426,584.3697,234.2537,2664.0187
829,Mid,North West Leicestershire,308.2504,931.7405,562.9918,245.3847,2241.7975
189,High,North West Leicestershire,312.111,932.7067,463.3229,217.8115,2042.7263
190,High,North Yorkshire UA,1377.2354,4397.4834,2411.9418,1440.0558,10614.330899999999
830,Mid,North Yorkshire UA,1237.9805999999999,3968.9107,1922.1194,1148.9234000000001,9199.7
510,Low,North Yorkshire UA,1359.2452,3257.6830999999997,2120.1355,1594.5878,9453.8636
191,High,Northern Ireland,648.988,2601.1187,1285.5606,366.7884,5103.3538
831,Mid,Northern Ireland,305.2281,985.9213,539.0833,183.353,2112.0258
511,Low,Northern Ireland,296.5807,908.4028,508.5189,158.5575,2015.34
192,High,Northumberland UA,308.1671,1189.7879,627.1955,510.99739999999997,2994.4891
832,Mid,Northumberland UA,759.9922,2249.8949,1323.3759,767.0757000000001,5566.3122
512,Low,Northumberland UA,534.0703,1509.819,894.6352,681.6209,4065.2832
513,Low,Norwich,220.2585,2093.3673,453.58820000000003,116.9028,3006.4629
833,Mid,Norwich,108.7839,2176.4799,252.50670000000002,48.2639,2645.0649
193,High,Norwich,560.0033999999999,5053.939,1157.4882,294.14390000000003,7441.8651
514,Low,Nottingham UA,810.2911,7388.9256000000005,1231.8587,330.5512,10090.2543
194,High,Nottingham UA,639.2554,11990.3076,1070.4898,213.7466,14034.4149
834,Mid,Nottingham UA,539.9041,6284.1085,876.9082,213.5255,8115.2537
835,Mid,Nuneaton and Bedworth,247.7409,622.6503,337.5735,87.3729,1359.8951
515,Low,Nuneaton and Bedworth,156.105,502.7141,180.4961,48.4761,924.816
195,High,Nuneaton and Bedworth,1218.7812,2231.8196000000003,1347.5813,391.8023,5463.6392000000005
516,Low,Oadby and Wigston,540.2955,1057.3906,627.7402000000001,187.6151,2576.2373000000002
836,Mid,Oadby and Wigston,142.6882,610.6943,157.4861,49.5505,1043.2303
196,High,Oadby and Wigston,230.593,1161.5422,247.7882,54.716,1767.858
517,Low,Oldham,922.3841,1674.6623,941.9839000000001,306.0386,4079.2691
837,Mid,Oldham,187.5422,558.5179,201.7111,70.5436,1045.7956
197,High,Oldham,898.9656,2203.3359,1052.5647999999999,206.442,4474.8516
838,Mid,Oxford,114.26769999999999,2462.8701,240.407,52.1362,2913.754
198,High,Oxford,979.9811,8963.8191,1603.9708,309.0755,12137.4835
518,Low,Oxford,97.8946,2020.2225,229.9351,45.0767,2429.1253
839,Mid,Pembrokeshire / Sir Benfro,146.7997,349.4804,218.5186,163.2717,966.5299
199,High,Pembrokeshire / Sir Benfro,259.0533,770.7214,477.3369,375.7868,2092.8814
519,Low,Pembrokeshire / Sir Benfro,163.5983,408.52,291.80219999999997,233.0297,1272.9768
200,High,Pendle,242.0245,643.9902,286.9594,129.0836,1372.3886
520,Low,Pendle,522.9358,863.3479,566.2541,197.8699,2293.9061
840,Mid,Pendle,69.5155,300.1379,113.7787,32.2364,556.4249
201,High,Peterborough UA,1022.5571,2562.1277,1520.1678,357.0834,5845.1029
841,Mid,Peterborough UA,410.1523,1040.2528,486.1445,119.7912,2154.9612
521,Low,Peterborough UA,408.2386,1137.6579000000002,420.7357,74.5483,2155.1792
202,High,Plymouth UA,380.0174,3369.1007,755.693,209.0631,4847.2254
842,Mid,Plymouth UA,218.03629999999998,1736.9691,360.5461,104.6736,2474.7006
522,Low,Plymouth UA,648.7425,3572.6288,1075.7349,409.6877,6197.1599
843,Mid,Portsmouth UA,158.1025,1802.3842,302.727,76.2921,2411.6222
523,Low,Portsmouth UA,135.8399,1322.5085,228.9061,57.8926,1793.4935
203,High,Portsmouth UA,788.2040000000001,6189.0208999999995,1573.9574,421.9613,9261.171699999999
524,Low,Powys / Powys,288.5838,800.9156,582.2032,408.7049,2364.3731000000002
204,High,Powys / Powys,258.9155,806.9817,495.1465,363.5237,2156.9291
844,Mid,Powys / Powys,183.8196,434.6689,333.9888,245.153,1316.1573
525,Low,Preston,569.9403,2030.3315,791.1796,230.0866,3834.4161
845,Mid,Preston,423.80690000000004,1613.6681,572.8343,177.5365,2941.5574
205,High,Preston,515.1,2378.4001,687.6954000000001,224.2583,3974.5485
206,High,Reading UA,970.3344,6481.933,1943.1522,343.6453,10102.9043
846,Mid,Reading UA,144.2036,1731.8199,286.255,44.0469,2246.2554
526,Low,Reading UA,106.3224,1167.6174,206.0266,39.3758,1562.8016
207,High,Redbridge,2682.3749,6948.9388,3740.5499,627.9328,14453.821
847,Mid,Redbridge,1201.5855999999999,2471.3248999999996,1325.8528,291.86080000000004,5494.3456
527,Low,Redbridge,235.5854,988.2467,345.482,69.2273,1697.5682000000002
848,Mid,Redcar and Cleveland UA,72.0617,356.7056,141.3067,77.26,682.2215
528,Low,Redcar and Cleveland UA,723.9681,1368.2745,849.2629,370.6245,3535.8814
208,High,Redcar and Cleveland UA,141.0862,412.7357,225.5126,136.3175,968.9412
209,High,Redditch,285.3685,900.7026999999999,483.4317,179.9197,2000.3085999999998
849,Mid,Redditch,97.8404,369.0768,174.5654,68.2802,738.3680999999999
529,Low,Redditch,60.217099999999995,226.1848,103.01259999999999,39.4927,457.0404
850,Mid,Reigate and Banstead,272.9493,841.6355,407.9189,129.1582,1837.471
210,High,Reigate and Banstead,1352.8559,3323.2995,2231.0883,509.6831,8069.0178000000005
530,Low,Reigate and Banstead,67.92099999999999,422.6429,131.3986,46.791,753.1453
851,Mid,Rhondda Cynon Taf / Rhondda Cynon Taf,165.8708,908.1298,326.8455,123.0923,1607.2934
211,High,Rhondda Cynon Taf / Rhondda Cynon Taf,452.3424,2195.4635,891.9390000000001,262.7152,3997.1737
531,Low,Rhondda Cynon Taf / Rhondda Cynon Taf,280.4988,921.2854,437.523,164.9302,1929.0468
852,Mid,Ribble Valley,80.7674,329.1663,113.5154,73.7522,645.5938
212,High,Ribble Valley,249.2665,615.8346,357.7654,158.339,1496.5038
532,Low,Ribble Valley,467.61740000000003,724.1129000000001,620.0607,343.3221,2418.5005
533,Low,Richmond upon Thames,82.7813,747.5146,200.156,69.0663,1156.6928
853,Mid,Richmond upon Thames,148.6925,1119.8964,296.9757,69.0113,1711.0771
213,High,Richmond upon Thames,1637.1245000000001,5797.1348,3501.016,601.8267,11958.6947
534,Low,Rochdale,438.6767,1033.215,543.9076,171.5265,2291.8997
854,Mid,Rochdale,286.0361,808.3162,381.8934,106.3811,1674.0705
214,High,Rochdale,1304.4761,2435.6083000000003,1377.2196,336.4801,5679.5586
855,Mid,Rochford,284.61899999999997,646.9637,379.34479999999996,166.35490000000001,1606.5443
535,Low,Rochford,462.22120000000007,637.9084,542.8399,193.7095,2045.6325
215,High,Rochford,258.0499,800.4857,381.90909999999997,139.5331,1727.9442
536,Low,Rossendale,307.2066,668.9439,375.18629999999996,155.4573,1621.4145
216,High,Rossendale,197.1533,625.2147,330.1677,94.8103,1313.7131
856,Mid,Rossendale,204.78459999999998,447.15250000000003,254.6421,91.1639,1092.8905
537,Low,Rother,559.1016999999999,864.3928999999999,740.9239,447.4063,3100.3194
217,High,Rother,268.2681,670.529,543.9768,370.8514,2129.9429
857,Mid,Rother,97.88159999999999,314.5481,193.3678,146.11939999999998,882.0398
858,Mid,Rotherham,232.316,680.0877,289.1141,92.5886,1339.4542000000001
218,High,Rotherham,320.1072,1153.0229,472.61650000000003,131.624,2147.8081
538,Low,Rotherham,557.2731,1341.8153,669.0158,237.5904,2998.2757
539,Low,Rugby,202.4121,556.7994,251.95260000000002,88.1879,1217.9094
859,Mid,Rugby,232.6657,677.5708,318.8971,79.3011,1376.8568
219,High,Rugby,777.7684,1615.2214999999999,1115.4233,265.7498,3975.8903
220,High,Runnymede,913.2745,4000.3827,1624.7961,484.1308,7435.9933
540,Low,Runnymede,53.7721,700.7755999999999,79.3072,32.6479,904.6289
860,Mid,Runnymede,51.7916,1036.6544,111.7125,51.048700000000004,1287.3264
541,Low,Rushcliffe,653.143,2605.8704000000002,995.5640999999999,320.6295,4997.8104
861,Mid,Rushcliffe,220.6772,1107.5287,402.6602,158.7116,2090.8858
221,High,Rushcliffe,262.908,1564.6471000000001,530.3017,136.7398,2631.901
222,High,Rushmoor,846.5081,2500.4592000000002,1301.4252000000001,275.9876,5153.0584
862,Mid,Rushmoor,215.8831,668.084,264.27750000000003,83.6512,1281.7781
542,Low,Rushmoor,59.6567,242.179,74.1749,27.3327,432.2457
223,High,Rutland UA,238.641,382.7058,235.1766,131.2784,1077.6832
863,Mid,Rutland UA,131.1376,264.4927,156.2459,80.096,707.5477999999999
543,Low,Rutland UA,123.35889999999999,188.7538,99.5219,56.3099,532.5723
224,High,Salford,1005.8469000000001,9297.521999999999,1986.94,300.78479999999996,12765.4291
864,Mid,Salford,292.57730000000004,3093.0192,489.08729999999997,106.6413,4069.153
544,Low,Salford,807.1968,5351.9664,1303.6916,314.5366,7986.2215
865,Mid,Sandwell,745.0722999999999,1749.1933000000001,828.1044,185.2656,3633.7116
225,High,Sandwell,2280.4088,4648.9763,2574.8572000000004,473.6686,10272.1201
545,Low,Sandwell,701.4279,1643.8344,703.4595,192.018,3414.3693999999996
226,High,Scotland,2068.1974,10619.1754,5173.8987,2004.6494,20925.6296
866,Mid,Scotland,1128.559,4266.4075,2402.3666,1083.8865,9533.3319
546,Low,Scotland,1389.1022,4893.1083,2846.1784,1497.287,11559.0601
547,Low,Sefton,294.7556,843.4023,491.139,243.396,2110.5313
227,High,Sefton,1220.1081000000001,3000.5104,1740.6214,546.9104,6893.1255
867,Mid,Sefton,584.6736000000001,1439.2906,840.67,352.5929,3532.8662
548,Low,Sevenoaks,214.7939,447.8109,202.90179999999998,100.7987,1136.553
228,High,Sevenoaks,1032.7366,2053.7396,1378.5345,416.9616,5340.604
868,Mid,Sevenoaks,247.53910000000002,663.9342,296.64390000000003,113.9409,1449.3082
549,Low,Sheffield,881.7809,7962.4227,1537.2762,398.7206,11083.9255
229,High,Sheffield,866.7438,9533.6041,1778.5892999999999,332.2977,12759.545
869,Mid,Sheffield,320.4694,5079.2426,560.5725,143.5386,6246.2354000000005
550,Low,Shropshire UA,457.4255,1229.5273,677.345,549.1469,3486.8663
230,High,Shropshire UA,728.0176,2317.664,1101.1183,722.5458,5406.1195
870,Mid,Shropshire UA,921.8702,1977.0408,1118.4204,708.2829,5421.1407
551,Low,Slough UA,137.1807,514.8187,195.2371,26.2245,889.7504
231,High,Slough UA,1471.8938,2864.871,1846.6461,212.4624,6533.8093
871,Mid,Slough UA,165.3249,602.7081000000001,251.7722,30.1528,1067.0972
232,High,Solihull,1895.7631,3677.2046,2257.9027,662.526,9126.893
872,Mid,Solihull,172.71540000000002,679.1813,302.9687,72.4209,1356.2847
552,Low,Solihull,204.257,782.5708,273.4026,93.6919,1462.3837999999998
873,Mid,Somerset UA,862.9884,2561.5713,1221.6841,700.3561,5932.269499999999
233,High,Somerset UA,1416.443,4199.9295,2372.4015,1273.775,10091.9488
553,Low,Somerset UA,865.2477,2108.9612,1294.0265,890.2565,6041.4220000000005
874,Mid,South Cambridgeshire,352.2026,1134.3304,496.97020000000003,137.9948,2278.0515
554,Low,South Cambridgeshire,130.7328,725.5304,226.1408,63.9831,1294.2706
234,High,South Cambridgeshire,1501.3676,3857.0866,2433.2773,612.0162,8982.886700000001
555,Low,South Derbyshire,232.7785,651.2228,346.7787,144.0292,1480.4741
235,High,South Derbyshire,863.8406,1735.2414999999999,1086.1388000000002,338.0838,4267.5885
875,Mid,South Derbyshire,559.2288,1256.3255000000001,746.0191,337.0421,3178.3408
876,Mid,South Gloucestershire UA,248.72119999999998,2040.9005,479.37300000000005,168.9887,3082.9293000000002
556,Low,South Gloucestershire UA,208.8984,1801.2418,394.7006,147.9203,2717.3633
236,High,South Gloucestershire UA,1647.4129,7194.8944,2693.4367,603.787,12653.3067
237,High,South Hams,259.9924,795.4831,480.9989,312.2659,2011.6716
877,Mid,South Hams,492.7097999999999,807.437,621.7689,249.38779999999997,2377.3938
557,Low,South Hams,294.6692,570.1219,479.64450000000005,284.2698,1878.2456
238,High,South Holland,296.9598,724.2185,483.2963,289.5882,2076.7065
558,Low,South Holland,261.9628,599.8723,358.6835,213.3306,1603.672
878,Mid,South Holland,341.3755,660.4552,421.3652,206.9632,1754.7082
879,Mid,South Kesteven,704.5687,1303.3549,846.9699,347.75530000000003,3502.1729
559,Low,South Kesteven,335.6453,844.457,413.0341,261.4052,2071.5988
239,High,South Kesteven,354.3339,1091.7651,562.472,270.0743,2512.4199
560,Low,South Norfolk,373.17650000000003,944.938,513.1989,305.978,2464.4719
240,High,South Norfolk,474.9239,1123.4402,760.2864,359.2494,2997.6374
880,Mid,South Norfolk,678.6164,1558.8997,942.8117,281.114,3718.46
241,High,South Oxfordshire,1111.9454,2923.1077,1817.3588,559.5633,6965.557699999999
561,Low,South Oxfordshire,71.6301,496.7244,166.5124,88.3004,946.2035999999999
881,Mid,South Oxfordshire,102.90990000000001,591.8854,176.0739,65.6315,1037.9004
882,Mid,South Ribble,96.9454,372.7513,176.31980000000001,66.4627,781.6577
242,High,South Ribble,218.1077,789.2831,342.2372,118.93050000000001,1565.5262
562,Low,South Ribble,779.8463,1506.7941,984.5312,392.3623,4016.2233
243,High,South Staffordshire,162.2068,603.8794,235.01590000000002,87.8495,1156.0094000000001
883,Mid,South Staffordshire,700.8252000000001,1172.4877,797.7574999999999,357.7497000000001,3393.3933
563,Low,South Staffordshire,510.4604,800.9153,597.1439,287.353,2512.5361
564,Low,South Tyneside,375.9599,1025.2752,622.1463,174.7291,2363.9614
244,High,South Tyneside,113.7974,413.7142,184.886,64.9787,811.8255
884,Mid,South Tyneside,182.0948,725.1674,262.9536,90.2814,1309.6304
885,Mid,Southampton UA,288.7523,2890.6126,539.7799,107.0739,3926.4107
565,Low,Southampton UA,132.4718,1808.8194,236.6659,67.2925,2303.3009
245,High,Southampton UA,750.7898,7108.9015,1505.9391,357.2776,10026.3289
566,Low,Southend-on-Sea UA,190.8286,502.3468,269.0045,87.9585,1129.3417000000002
246,High,Southend-on-Sea UA,940.2202000000001,2405.842,1480.7044,386.9995,5614.2302
886,Mid,Southend-on-Sea UA,526.6479,1112.8759,717.2376,221.5045,2733.6424
887,Mid,Southwark,182.6461,3036.5045999999998,520.4946,112.947,3892.0965
567,Low,Southwark,138.6852,2529.0086,369.3538,102.6053,3170.0316
247,High,Southwark,1630.3265,17524.8315,4626.7196,759.1184,24800.4376
888,Mid,Spelthorne,51.3805,373.2765,136.3553,46.3192,652.0341
568,Low,Spelthorne,47.4981,240.4585,78.6197,13.0228,401.78249999999997
248,High,Spelthorne,1214.4359,2498.418,1842.6302,443.0583,6363.111
249,High,St Albans,827.2922,2968.5525,1472.1647,324.7682,5908.5041
889,Mid,St Albans,354.7832,972.5114,506.394,105.3103,2084.5266
569,Low,St Albans,204.9986,796.4602,307.3462,77.3638,1493.9641
890,Mid,St. Helens,329.58680000000004,901.1922999999999,429.70610000000005,157.94080000000002,1923.0445
570,Low,St. Helens,339.7744,884.389,470.1429,145.6214,1934.167
250,High,St. Helens,598.6184,1932.384,974.1757,274.4996,3946.0615
571,Low,Stafford,281.7212,797.2535,442.3159,211.3805,1927.5058999999999
251,High,Stafford,330.9128,1253.8859,564.5427,247.362,2598.291
891,Mid,Stafford,502.8155,1062.7036,660.8226,235.5313,2722.9186
892,Mid,Staffordshire Moorlands,449.0519,766.1001,539.799,221.5599,2171.4375
252,High,Staffordshire Moorlands,209.0836,595.9587,345.0697,192.3695,1497.8855
572,Low,Staffordshire Moorlands,107.2,249.2956,166.5703,97.3063,687.2985
253,High,Stevenage,490.2893,1533.4246,852.8864,193.7999,3333.6022000000003
573,Low,Stevenage,66.9373,291.3519,82.5967,25.8475,487.8817
893,Mid,Stevenage,192.32299999999998,618.3658,257.31080000000003,53.8221,1161.4044
574,Low,Stockport,649.3073,1826.2825,980.4014999999999,308.2256,4052.4405
254,High,Stockport,1379.4954,4613.6935,2233.7808,397.5646,8995.086299999999
894,Mid,Stockport,128.03,808.3801,334.91769999999997,83.112,1438.637
575,Low,Stockton-on-Tees UA,967.2029,2175.1198,1273.8133,418.1127,5116.0274
255,High,Stockton-on-Tees UA,324.6008,1090.3416,478.2249,131.4451,2119.4267
895,Mid,Stockton-on-Tees UA,142.9384,837.4514,223.4361,73.69,1333.0122000000001
576,Low,Stoke-on-Trent UA,444.13190000000003,1707.581,672.5686,182.52710000000002,3216.4473
896,Mid,Stoke-on-Trent UA,408.2615,1477.5865,543.1856,147.7382,2738.9429
256,High,Stoke-on-Trent UA,932.7135000000001,3316.9797,1331.1003,317.4982,6221.4265
577,Low,Stratford-on-Avon,168.2944,648.1454,302.03430000000003,150.3522,1485.2096000000001
257,High,Stratford-on-Avon,1112.4548,2711.0727,1794.9498999999998,914.3815,7265.2964999999995
897,Mid,Stratford-on-Avon,253.4135,719.7568,345.1199,150.26330000000002,1637.1022
898,Mid,Stroud,138.6385,591.5497,280.7521,150.1966,1265.1185
258,High,Stroud,530.5259,1528.3349,955.2435,371.0758,3588.1843
578,Low,Stroud,428.1044,845.1574999999999,586.2907,235.13100000000003,2303.4184
899,Mid,Sunderland,227.52239999999998,1121.0323999999998,379.928,118.3699,1908.661
579,Low,Sunderland,964.7222,2322.2957,1285.6286,435.1518,5340.9357
259,High,Sunderland,252.5973,909.6712,354.9264,129.9421,1714.9813
580,Low,Surrey Heath,47.1949,218.1563,80.0723,25.3098,419.4815
900,Mid,Surrey Heath,96.79639999999999,428.9051,160.6492,41.8375,805.1211
260,High,Surrey Heath,978.8852,2270.5448,1543.3192,460.2932,5869.5876
581,Low,Sutton,91.3302,477.6796,186.4197,44.3335,857.4333999999999
901,Mid,Sutton,245.9117,755.8910999999999,432.1246,72.6807,1578.8397
261,High,Sutton,2053.4051999999997,4260.7137999999995,3212.1063,563.2347,10501.6219
582,Low,Swale,271.1748,705.5304,344.99129999999997,134.77439999999999,1599.9302
902,Mid,Swale,683.6809000000001,1165.3265000000001,846.8908,351.3112,3277.4063
262,High,Swale,545.6628,1103.8682000000001,728.3052,285.2321,2836.8535
903,Mid,Swansea / Abertawe,148.15800000000002,1423.644,269.5045,106.8903,2006.8326
583,Low,Swansea / Abertawe,219.8444,1828.1606,427.1493,142.5874,2713.8276
263,High,Swansea / Abertawe,615.1403,5582.9798,1127.3082,365.8041,7988.159799999999
264,High,Swindon UA,782.757,2302.7244,1279.4028,293.4079,4898.9816
904,Mid,Swindon UA,376.4728,1199.9191,581.8951000000001,175.5091,2484.1575000000003
584,Low,Swindon UA,203.19,656.5249,361.51619999999997,113.5342,1454.6146
905,Mid,Tameside,147.5776,525.7547,233.8039,67.3712,998.6519
265,High,Tameside,1168.6764,3081.7589000000003,1577.9802,377.9529,6407.1189
585,Low,Tameside,682.5002999999999,1670.3673999999999,831.8803,248.647,3622.9901
266,High,Tamworth,454.35999999999996,1101.9706,583.6991,199.635,2429.0065
906,Mid,Tamworth,231.07590000000002,519.5563,265.9694,82.7911,1200.969
586,Low,Tamworth,103.1079,346.1427,116.811,42.8795,654.6016
267,High,Tandridge,968.6138,1993.5012,1368.6871,467.5654,5247.681
587,Low,Tandridge,54.855199999999996,259.0228,106.6004,41.9738,537.4521
907,Mid,Tandridge,120.1461,384.1357,166.0612,58.5532,834.2845
268,High,Teignbridge,250.1443,856.6369,502.29540000000003,284.7466,2099.4164
908,Mid,Teignbridge,256.5617,823.2226,490.2376,266.4957,2059.8393
588,Low,Teignbridge,547.8765000000001,1188.8012,882.3996,497.922,3552.8680000000004
589,Low,Telford and Wrekin UA,580.4562999999999,1650.3905,787.2005,305.8261,3589.7528
909,Mid,Telford and Wrekin UA,483.23060000000004,1224.9722,556.9486,191.209,2588.131
269,High,Telford and Wrekin UA,513.5607,1690.8281,675.2465,248.6285,3283.95
910,Mid,Tendring,688.9677,1350.9444,973.6918,682.7198999999999,4289.1465
590,Low,Tendring,169.3614,335.40160000000003,227.5066,169.672,1081.9498
270,High,Tendring,357.7888,787.0184,563.659,505.5564,2619.2681
591,Low,Test Valley,87.7354,278.15389999999996,102.3987,56.1605,583.7638
271,High,Test Valley,916.9097999999999,2077.5628,1272.8756,429.0849,5072.7973
911,Mid,Test Valley,308.67490000000004,780.2473,376.1536,154.8601,1833.2910000000002
592,Low,Tewkesbury,558.1537,1061.3158,655.9447,282.9518,2773.3423000000003
912,Mid,Tewkesbury,465.89349999999996,1106.6495,671.5388,212.41729999999998,2647.9694
272,High,Tewkesbury,341.3163,973.5888,563.887,198.1616,2243.7157
913,Mid,Thanet,217.9522,469.72499999999997,264.1261,160.977,1219.8717
273,High,Thanet,418.2739,1071.9303,799.1765,372.6719,2974.4385
593,Low,Thanet,217.6638,598.6742,351.4816,168.6417,1523.6416000000002
594,Low,Three Rivers,94.2586,405.0495,202.36909999999997,47.5298,832.3379
914,Mid,Three Rivers,410.26829999999995,778.9834999999999,597.9958,142.3046,2072.8661
274,High,Three Rivers,665.6137,1685.8729,1124.5877,274.18850000000003,3986.8208
595,Low,Thurrock UA,400.4063,818.0601,372.59580000000005,82.9581,1725.9663
275,High,Thurrock UA,959.7646,2047.966,1088.6039,203.3766,4395.2463
915,Mid,Thurrock UA,834.9327000000001,1598.9923999999999,909.1834,250.24550000000002,3726.6702
596,Low,Tonbridge and Malling,107.3358,428.1139,176.0452,59.4037,849.4741
916,Mid,Tonbridge and Malling,864.6794000000001,1382.7947,1011.7227,321.88059999999996,3920.3405
276,High,Tonbridge and Malling,871.056,1697.7637,1219.8285,326.8582,4391.1482
917,Mid,Torbay UA,159.9969,623.8761000000001,323.3915,193.5486,1432.2039
597,Low,Torbay UA,372.195,770.9959,636.081,422.52810000000005,2577.8131000000003
277,High,Torbay UA,255.1481,827.9829,543.4017,339.4017,2150.0002
598,Low,Torfaen / Torfaen,274.5879,513.1803,385.4352,132.6645,1422.8074
918,Mid,Torfaen / Torfaen,79.1259,307.3416,124.58149999999999,55.0629,618.3302
278,High,Torfaen / Torfaen,158.1883,566.6018,288.8434,82.5745,1141.2011
599,Low,Torridge,243.875,362.2012,337.3784,229.4954,1385.8181
919,Mid,Torridge,93.5864,244.6474,176.5653,141.4675,720.9802
279,High,Torridge,235.1777,607.9945,492.4196,359.2376,1983.9795
280,High,Tower Hamlets,971.9588,18145.5589,3915.1211,526.5503,23737.535
600,Low,Tower Hamlets,250.7935,2927.7861000000003,530.0977,108.6323,3858.2324000000003
920,Mid,Tower Hamlets,332.604,3615.1138,612.5284,118.609,4719.7993
601,Low,Trafford,422.81850000000003,1288.2691,652.802,152.055,2670.2431
921,Mid,Trafford,214.9696,1001.4841,340.2766,86.20270000000001,1733.2405
281,High,Trafford,1585.5217,4662.4311,2234.0343999999996,356.6115,9134.4944
602,Low,Tunbridge Wells,506.4309,976.0752,605.4432,221.8846,2620.3769
922,Mid,Tunbridge Wells,461.6304,811.0855,524.3311,199.3419,2248.2846
282,High,Tunbridge Wells,675.6559,1621.9203,999.8578,197.7418,3699.5726999999997
923,Mid,Uttlesford,373.98519999999996,744.066,478.027,196.81719999999999,1975.2322
283,High,Uttlesford,533.3952,1383.9306,875.2526,309.1874,3392.1475
603,Low,Uttlesford,85.5832,342.64570000000003,129.145,60.095,707.7394
924,Mid,Vale of Glamorgan / Bro Morgannwg,148.7313,529.313,234.1729,94.7518,1082.1162
284,High,Vale of Glamorgan / Bro Morgannwg,473.1401000000001,1553.6112,799.1714000000001,334.4985,3395.8913000000002
604,Low,Vale of Glamorgan / Bro Morgannwg,176.8093,428.0693,280.9119,88.7519,1061.3551
605,Low,Vale of White Horse,128.9695,487.7299,196.0095,81.6493,1025.6758
285,High,Vale of White Horse,1442.0555,3406.2052,1921.867,556.4152,7837.7321
925,Mid,Vale of White Horse,188.33679999999998,683.2441,232.0705,72.7327,1262.7747
286,High,Wakefield,1164.9926,3391.9649000000004,1605.6184,450.46600000000007,6935.1225
606,Low,Wakefield,810.8860000000001,2136.3822,1049.0228,303.0863,4547.7439
926,Mid,Wakefield,227.2677,1121.5817,412.7316,146.8703,2048.3189
287,High,Walsall,1529.4213000000002,3001.3801,1708.1285,395.0109,6929.0488
607,Low,Walsall,963.2969,1887.6913,1060.3497,257.887,4318.517900000001
927,Mid,Walsall,778.1647,1370.2401,758.0176,212.8895,3281.5596
288,High,Waltham Forest,1654.029,8085.2806,3985.7015,436.09709999999995,14372.002999999999
608,Low,Waltham Forest,706.9233,2172.0693,1115.1899,187.186,4294.9577
928,Mid,Waltham Forest,633.9409,1872.5075,821.6562,161.1682,3569.8001
289,High,Wandsworth,2176.0007,20946.809400000002,5559.5296,896.0697,30238.2523
609,Low,Wandsworth,110.90650000000001,2939.1366000000003,352.5081,67.30760000000001,3516.1781
929,Mid,Wandsworth,210.3136,4025.2398000000003,546.3515,113.0201,4960.2003
930,Mid,Warrington UA,339.12309999999997,1091.6372,526.1148000000001,142.8133,2281.7405999999996
610,Low,Warrington UA,502.8239,1179.7733,762.9037,245.0276,2904.5838
290,High,Warrington UA,590.1487999999999,2200.1467,1003.4522,249.1522,4312.541
931,Mid,Warwick,218.0701,1258.4133,419.01149999999996,153.7563,2244.4687
611,Low,Warwick,170.3271,840.7703,234.3607,85.7183,1432.5667
291,High,Warwick,779.8915,4721.7046,1396.1389,378.954,7606.5911
612,Low,Watford,82.1116,583.2165,190.1564,36.2877,973.6812
292,High,Watford,949.0754,2852.1525,1523.1663,280.89549999999997,5998.1819000000005
932,Mid,Watford,277.95349999999996,720.0607,440.6226000000001,63.4031,1543.6951
933,Mid,Waverley,236.02280000000002,850.6876,321.448,124.8797,1709.2156
613,Low,Waverley,113.3412,465.8291,127.0207,44.693400000000004,848.3966
293,High,Waverley,1615.0751,3334.8408,2093.2143,674.8057,8389.982
934,Mid,Wealden,119.6605,490.5372,251.5567,161.1394,1163.6488
614,Low,Wealden,645.3221,1037.5720000000001,782.0274,421.6582,3366.4177
294,High,Wealden,868.7396,1894.5048,1393.6578,740.2571,5533.7055
295,High,Welwyn Hatfield,800.0252,3328.3655,1265.5663,330.62940000000003,6081.492499999999
935,Mid,Welwyn Hatfield,247.7177,1261.1407,396.8118,135.692,2127.0506
615,Low,Welwyn Hatfield,94.01830000000001,729.2006,153.1217,41.3971,1049.5672
936,Mid,West Berkshire UA,160.3608,637.2422,217.8929,87.5938,1196.684
616,Low,West Berkshire UA,88.9599,378.4049,136.0364,48.0677,739.8725
296,High,West Berkshire UA,1489.9742999999999,2781.6762,1801.4125000000001,530.8874,6965.0036
937,Mid,West Devon,131.32489999999999,397.3983,270.3849,168.9358,1085.3123
617,Low,West Devon,252.95819999999998,421.2957,356.1228,251.5877,1506.356
297,High,West Devon,160.9476,432.9185,302.091,211.8205,1277.5074
938,Mid,West Lancashire,231.31040000000002,1163.4928,308.89349999999996,133.8918,1942.8828999999998
618,Low,West Lancashire,343.77369999999996,1585.7583,426.2214,196.1942,2734.4987
298,High,West Lancashire,469.6612,1999.3011999999999,746.3616,318.89860000000004,3838.3735
939,Mid,West Lindsey,503.91859999999997,1023.1992,654.8801,281.099,2685.9096
299,High,West Lindsey,249.3002,657.472,403.1369,256.8045,1741.3723
619,Low,West Lindsey,333.0815,749.558,491.5449,325.48519999999996,2221.6199
940,Mid,West Northamptonshire UA,570.2597000000001,2244.2241,913.337,303.3063,4271.7273000000005
300,High,West Northamptonshire UA,1426.6697,5538.6028,2378.926,740.2547,10616.7152
620,Low,West Northamptonshire UA,293.5755,1836.5691,520.006,201.4971,3061.607
941,Mid,West Oxfordshire,127.8052,481.4308,194.26409999999998,100.9517,1018.2281
621,Low,West Oxfordshire,173.2542,437.5156,192.6509,114.32639999999999,1072.635
301,High,West Oxfordshire,832.5772,1925.2044,1157.6474,469.1247,4831.5806
622,Low,West Suffolk,476.29910000000007,1155.501,620.3885,309.6735,2910.4232
942,Mid,West Suffolk,303.9835,1084.9985,509.1431,262.4571,2335.1186000000002
302,High,West Suffolk,720.9647,2101.1883,1140.6985,428.01980000000003,4801.3611
623,Low,Westminster,66.4225,1153.4982,266.63530000000003,91.4526,1618.9945
943,Mid,Westminster,270.2411,1757.0708,584.6319,210.1916,2882.7362000000003
303,High,Westminster,990.867,10040.2387,3181.6059999999998,721.6116,15335.3275
304,High,Westmorland and Furness UA,336.90049999999997,1376.5563,705.7512,403.2317,3008.4526
944,Mid,Westmorland and Furness UA,244.6874,1041.9329,465.37989999999996,275.15840000000003,2279.5237
624,Low,Westmorland and Furness UA,349.3586,932.8611,574.9445,389.4846,2471.5429
305,High,Wigan,1176.9669999999999,3322.3167,1681.1067999999998,489.37120000000004,6899.5858
945,Mid,Wigan,508.2708,1467.5278999999998,676.2657,180.9422,3013.37
625,Low,Wigan,757.9008,2054.151,1096.3362,333.6761,4452.0584
946,Mid,Wiltshire UA,701.4956,2401.804,1006.0184,479.7112,5047.9322
306,High,Wiltshire UA,2327.2819,5834.697,3210.2477,1335.3167,13849.6663
626,Low,Wiltshire UA,495.0086,1375.867,694.4143,363.2785,3419.1408
307,High,Winchester,1445.8664,3799.7769,1748.6775,571.0400000000001,8063.4861
627,Low,Winchester,100.2403,569.8761,146.4217,72.3596,960.9813
947,Mid,Winchester,398.5224,1364.1899,461.5651,178.2221,2580.0335
628,Low,Windsor and Maidenhead UA,78.5404,480.8501,147.1178,51.0319,829.8421
948,Mid,Windsor and Maidenhead UA,134.5156,656.0871999999999,166.60920000000002,65.5486,1083.1314
308,High,Windsor and Maidenhead UA,1510.8071,3277.0964,2216.7567,530.6535,8052.6568
629,Low,Wirral,253.1227,765.8152,354.1466,146.3709,1682.4457
949,Mid,Wirral,432.53610000000003,1524.9156,726.9114,279.8468,3239.7697
309,High,Wirral,719.2293000000001,3069.929,1294.836,381.338,5717.3883
310,High,Woking,770.5964,2728.8961,1549.9095,362.85630000000003,5790.9338
630,Low,Woking,58.5334,319.3712,93.6102,13.6562,519.3849
950,Mid,Woking,123.4332,580.9034,199.0946,41.8386,1007.9035
631,Low,Wokingham UA,61.645,532.5349,139.1098,41.4904,842.3137
951,Mid,Wokingham UA,95.299,855.158,195.6383,49.9705,1267.4647
311,High,Wokingham UA,1784.1184,4492.8405999999995,2704.5123999999996,547.8537,10035.7706
952,Mid,Wolverhampton,788.2167000000001,1578.9300999999998,823.9853,185.8962,3512.4467
632,Low,Wolverhampton,820.8965,1846.678,886.9331,262.771,4069.0893
312,High,Wolverhampton,1104.3315,2863.5892,1286.473,255.46189999999999,5681.5905
313,High,Worcester,356.1317,1815.5391,632.8941,189.7968,3175.5273
953,Mid,Worcester,206.23,902.2374,339.3926,115.6876,1715.1194
633,Low,Worcester,86.279,880.3186000000001,204.7579,87.2059,1336.3187
954,Mid,Worthing,251.7844,748.8243,441.87249999999995,175.67370000000003,1891.9806
314,High,Worthing,469.8996,1773.7652,1202.6561000000002,399.4148,4330.2649
634,Low,Worthing,66.9524,224.198,130.9947,57.3969,548.6437999999999
315,High,Wrexham / Wrecsam,129.37199999999999,738.1807,262.6046,94.6606,1271.0152
635,Low,Wrexham / Wrecsam,269.9027,663.6735,392.4231,163.4537,1656.1814
955,Mid,Wrexham / Wrecsam,227.4601,713.2572,433.2511,165.24679999999998,1698.9181
636,Low,Wychavon,156.657,526.2123,316.6571,194.3062,1389.6078
956,Mid,Wychavon,607.2105,1212.8216,715.1133,380.383,3209.1249000000003
316,High,Wychavon,436.9871,1284.382,722.1802,392.1223,3189.2955
637,Low,Wyre,659.8934,1095.4601,843.5354,716.3541,3966.6711999999998
957,Mid,Wyre,165.7075,515.2081000000001,280.3006,239.4009,1381.4417
317,High,Wyre,241.4993,760.677,392.9768,367.462,2057.1722
958,Mid,Wyre Forest,121.1377,408.6634,228.182,104.7372,946.7153
318,High,Wyre Forest,290.5685,802.7686,478.6371,221.7025,2001.7121
638,Low,Wyre Forest,261.3436,575.8166,350.4833,210.829,1574.0239000000001
639,Low,York UA,203.26590000000002,3806.6892,422.09270000000004,97.8457,4655.7679
319,High,York UA,299.2776,4894.1024,721.7287,171.3622,6234.4596
959,Mid,York UA,231.1719,2977.7298,395.3606,146.8367,3888.9641
