Year,2016,2016,2016,2016,2016,2016,2016,2016,2016,2016,2016,2017,2017,2017,2017,2017,2017,2017,2017,2017,2017,2017,2018,2018,2018,2018,2018,2018,2018,2018,2018,2018,2018,2019,2019,2019,2019,2019,2019,2019,2019,2019,2019,2019,2020,2020,2020,2020,2020,2020,2020,2020,2020,2020,2020,2021,2021,2021,2021,2021,2021,2021,2021,2021,2021,2021,2022,2022,2022,2022,2022,2022,2022,2022,2022,2022,2022,2023,2023,2023,2023,2023,2023,2023,2023,2023,2023,2023,2024,2024,2024,2024,2024,2024,2024,2024,2024,2024,2024,2025,2025,2025,2025,2025,2025,2025,2025,2025,2025,2025
Analysis,50,10,20,25,30,40,60,70,75,80,90,50,10,20,25,30,40,60,70,75,80,90,50,10,20,25,30,40,60,70,75,80,90,50,10,20,25,30,40,60,70,75,80,90,50,10,20,25,30,40,60,70,75,80,90,50,10,20,25,30,40,60,70,75,80,90,50,10,20,25,30,40,60,70,75,80,90,50,10,20,25,30,40,60,70,75,80,90,50,10,20,25,30,40,60,70,75,80,90,50,10,20,25,30,40,60,70,75,80,90
Birmingham,23788.0,8055.0,12848.0,14715.0,16749.0,20191.0,27714.0,32959.0,35767.0,38544.0,47934.0,23836.0,7955.0,12818.0,14745.0,16649.0,20040.0,27885.0,33831.0,36791.0,40146.0,50673.0,25176.0,8127.0,13538.0,15572.0,17205.0,20855.0,29644.0,35830.0,38936.0,41872.0,54141.0,26303.0,8923.0,14914.0,16965.0,18754.0,22248.0,30547.0,37061.0,39836.0,43667.0,56803.0,27506.0,9887.0,15777.0,17861.0,19554.0,23213.0,32659.0,38867.0,42126.0,46044.0,59720.0,27109.0,10113.0,16480.0,18521.0,20063.0,22950.0,31577.0,37422.0,40713.0,45000.0,55631.0,28609.0,10741.0,17516.0,19483.0,21320.0,24895.0,33676.0,40035.0,42414.0,46308.0,58016.0,29557.0,10677.0,16903.0,19762.0,21910.0,25800.0,34331.0,40363.0,43359.0,48505.0,62450.0,32133.0,11333.0,19205.0,21882.0,24063.0,28154.0,37234.0,45000.0,49201.0,54084.0,67913.0,33374,12006.0,20036.0,23029.0,25280.0,29551.0,38241.0,44963.0,48781.0,53678.0,69286.0
"Bristol, City of UA",24311.0,8157.0,13975.0,15764.0,17802.0,21233.0,28049.0,32755.0,35555.0,38803.0,52472.0,24227.0,8658.0,14183.0,16211.0,17954.0,20851.0,27791.0,32584.0,35541.0,39261.0,52472.0,25072.0,8808.0,14208.0,16324.0,18676.0,21742.0,29403.0,34874.0,37884.0,41950.0,55912.5,26653.0,9157.0,14920.0,17605.0,19380.0,22791.0,30013.0,34954.0,38602.0,41642.0,55912.5,28082.0,9506.0,15565.0,17784.0,19965.0,23987.0,31673.0,37538.0,40227.0,44798.0,59353.0,27505.0,9825.0,15904.0,18421.0,20286.0,23723.0,31878.0,37260.0,40514.0,44501.0,58588.0,30750.0,10646.0,18563.0,20563.0,22604.0,26390.0,34272.0,39327.0,42140.0,46140.0,61057.5,32013.0,11467.0,19488.0,22376.0,24105.0,27549.0,36504.0,42087.0,44534.0,48162.0,63527.0,35075.0,13475.0,22598.0,24655.0,26116.0,30140.0,39411.0,45274.0,49333.0,54145.0,68745.0,36652,13195.0,22889.0,25568.0,28071.0,32192.0,42026.0,48457.0,52762.0,58315.0,73180.0
City of Edinburgh,25971.0,9279.0,15113.0,17149.0,19413.0,22571.0,30300.0,35922.0,38767.0,42850.0,57613.0,27239.0,9525.0,15448.0,17861.0,19783.0,23218.0,31755.0,37357.0,41058.0,46126.0,59408.0,26470.0,9213.0,14866.0,17364.0,19215.0,22962.0,31027.0,36489.0,39702.0,44431.0,58786.0,27110.0,8688.0,14939.0,17219.0,19237.0,23307.0,31436.0,38215.0,41873.0,46277.0,59978.0,29385.0,9006.0,16063.0,18394.0,20959.0,24715.0,34177.0,40814.0,44686.0,48949.0,60126.5,28927.0,11424.0,17375.0,19245.0,21143.0,25264.0,33214.0,39954.0,43335.0,46819.0,60275.0,30714.0,12220.0,18271.0,20627.0,22537.0,26375.0,34996.0,41084.0,44790.0,48941.0,62386.0,33054.0,12531.0,20965.0,22883.0,24945.0,28891.0,37781.0,43903.0,48288.0,53513.0,67658.0,36312.0,13914.0,22736.0,25185.0,27000.0,31307.0,41848.0,48516.0,53345.0,58291.0,72820.0,38345,14777.0,24343.0,26378.0,28725.0,33171.0,44297.0,52145.0,57282.0,63839.0,82187.0
Cornwall UA,17868.0,5850.0,9624.0,11106.0,12667.0,15536.0,21027.0,24795.0,26759.0,29305.0,36606.0,18917.0,6038.0,10000.0,11320.0,12956.0,16036.0,22296.0,25852.0,28422.0,30486.0,36606.0,19263.0,6880.0,10262.0,11842.0,13634.0,16365.0,22191.0,25520.0,27599.0,30402.0,37603.0,19750.0,7220.0,10817.0,12383.0,14412.0,16999.0,22934.0,26993.0,29269.0,31537.0,40811.0,19955.0,6766.0,10900.0,12453.0,13639.0,17064.0,23278.0,27712.0,30000.0,32483.0,39673.0,20629.0,7781.0,11297.0,12651.0,14494.0,17839.0,23440.0,27024.0,29774.0,32854.0,42392.5,24047.0,9371.0,13453.0,16079.0,18129.0,21258.0,27640.0,31144.0,33391.0,36324.0,45112.0,25657.0,9538.0,14236.0,16523.0,18467.0,22030.0,29495.0,33749.0,36568.0,39518.0,46635.5,26665.0,10199.0,15294.0,17769.0,20203.0,23337.0,30693.0,34960.0,37948.0,41003.0,48159.0,27006,9281.0,13572.0,16479.0,18867.0,23402.0,31230.0,35545.0,38398.0,41297.0,50153.0
Derbyshire,20927.0,7200.0,10943.0,13107.0,14359.0,17601.0,24306.0,28553.0,30830.0,34126.0,43291.0,20566.0,6897.0,10950.0,12587.0,14475.0,17321.0,24499.0,29175.0,31517.0,34571.0,43076.0,20691.0,6240.0,10241.0,12478.0,14095.0,17537.0,24503.0,28980.0,31506.0,34102.0,42461.0,21999.0,7799.0,11697.0,13660.0,15495.0,18329.0,25653.0,30216.0,32802.0,35733.0,44469.0,23682.0,8628.0,12742.0,15126.0,17211.0,20146.0,26922.0,31006.0,33992.0,37268.0,45193.0,24043.0,8784.0,14065.0,16339.0,17649.0,20931.0,27237.0,31375.0,33597.0,37202.0,45917.0,24783.0,8313.0,13485.0,15877.0,18144.0,21352.0,28569.0,32654.0,34861.0,37706.0,46997.0,26053.0,9587.0,14860.0,16954.0,19316.0,22836.0,29715.0,34502.0,37432.0,40599.0,49281.5,28612.0,10861.0,16502.0,19627.0,21842.0,25000.0,32316.0,37416.0,40225.0,42835.0,51566.0,30000,11995.0,16875.0,20249.0,22883.0,26301.0,34502.0,39471.0,42649.0,46021.0,55441.0
Devon,20726.0,6603.0,10588.0,12979.0,14582.0,17756.0,23747.0,27786.0,30000.0,32728.0,40729.0,20441.0,6878.0,10441.0,12569.0,14283.0,17500.0,23413.0,27527.0,29806.0,32165.0,40706.0,20901.0,7189.0,10648.0,12823.0,14863.0,18120.0,24039.0,28508.0,30452.0,33428.0,41007.0,21201.0,7147.0,10606.0,12776.0,15072.0,18264.0,24102.0,28716.0,31132.0,34193.0,42180.0,21217.0,7057.0,10637.0,12586.0,14639.0,18253.0,24338.0,28421.0,31373.0,33886.0,42016.0,22214.0,7862.0,11650.0,13722.0,15592.0,19365.0,25591.0,29945.0,32634.0,35994.0,43529.0,24629.0,8667.0,13409.0,15458.0,17721.0,20842.0,28099.0,32217.0,34445.0,37322.0,45042.0,25421.0,8897.0,14162.0,16887.0,18844.0,22368.0,29178.0,33460.0,36363.0,39871.0,47995.0,27597.0,9127.0,14986.0,17769.0,20736.0,24564.0,31259.0,35766.0,38503.0,42234.0,50948.0,29114,10153.0,16410.0,19702.0,22368.0,25716.0,33255.0,37779.0,41207.0,44390.0,53241.0
East,22330.0,6515.0,10792.0,12981.0,14927.0,18622.0,26219.0,31200.0,34110.0,37716.0,48636.0,22631.0,6673.0,11000.0,13239.0,15214.0,18786.0,26701.0,31596.0,34671.0,38095.0,49432.0,23442.0,6926.0,11458.0,13720.0,15759.0,19707.0,27459.0,32282.0,35557.0,39302.0,50856.0,24447.0,7349.0,11902.0,14278.0,16616.0,20482.0,28638.0,33672.0,36653.0,40322.0,52638.0,24983.0,7739.0,12471.0,15000.0,17436.0,21089.0,29129.0,34204.0,37315.0,41018.0,53168.0,25325.0,8111.0,12707.0,15382.0,17805.0,21519.0,29361.0,34311.0,37565.0,41100.0,52260.0,26797.0,8608.0,13557.0,16283.0,18923.0,23025.0,31180.0,36211.0,39797.0,43620.0,55243.0,28669.0,8633.0,14161.0,17063.0,19960.0,24532.0,33240.0,38603.0,42197.0,45890.0,58244.0,30447.0,9542.0,15555.0,18906.0,21890.0,26184.0,35107.0,40912.0,44514.0,48744.0,61999.0,31513,9932.0,16361.0,19793.0,23099.0,27399.0,36723.0,43000.0,46749.0,50881.0,67033.0
East Midlands,21122.0,7298.0,11449.0,13397.0,14991.0,18014.0,24668.0,29098.0,31739.0,34814.0,44149.0,21324.0,7160.0,11346.0,13455.0,15195.0,18171.0,25000.0,29368.0,32091.0,35380.0,45100.0,21759.0,7052.0,11373.0,13442.0,15360.0,18477.0,25533.0,30000.0,32963.0,36132.0,45861.0,23070.0,7917.0,12352.0,14704.0,16586.0,19665.0,26833.0,31531.0,34293.0,37835.0,47804.0,24111.0,8628.0,13247.0,15631.0,17575.0,20703.0,27943.0,32826.0,36011.0,39830.0,49676.0,24137.0,8762.0,13807.0,16241.0,17943.0,21004.0,27741.0,32100.0,34685.0,37892.0,47579.0,25819.0,9359.0,14602.0,16950.0,19029.0,22355.0,29577.0,34042.0,36809.0,40124.0,50000.0,26944.0,9502.0,15025.0,17807.0,20076.0,23651.0,30655.0,35347.0,38295.0,41955.0,52219.0,28880.0,10180.0,16335.0,19346.0,21891.0,25271.0,32688.0,37746.0,40759.0,44676.0,56006.0,30000,11008.0,16852.0,20112.0,23095.0,26481.0,34312.0,39606.0,42918.0,46863.0,58581.0
England,23334.0,7465.0,11977.0,14184.0,16000.0,19640.0,27562.0,32602.0,35700.0,39450.0,51402.0,23761.0,7564.0,12187.0,14546.0,16373.0,19968.0,28047.0,33271.0,36430.0,40193.0,52746.0,24283.0,7730.0,12364.0,14769.0,16758.0,20400.0,28688.0,33990.0,37235.0,41140.0,54026.0,25169.0,8179.0,13044.0,15614.0,17663.0,21228.0,29645.0,35027.0,38357.0,42236.0,55741.0,26172.0,8628.0,13778.0,16424.0,18454.0,22152.0,30709.0,36214.0,39743.0,43683.0,57443.0,26233.0,8788.0,14201.0,16812.0,18837.0,22355.0,30500.0,35956.0,39333.0,43185.0,55823.0,28040.0,9600.0,15602.0,18313.0,20326.0,24087.0,32646.0,38266.0,41530.0,45472.0,58633.0,29828.0,10093.0,16571.0,19566.0,21825.0,25792.0,34543.0,40447.0,43773.0,48042.0,62484.0,31882.0,11026.0,18055.0,21322.0,23690.0,27656.0,36899.0,43049.0,46746.0,51201.0,66976.0,33142,11439.0,18653.0,22187.0,24669.0,28769.0,38292.0,44962.0,48820.0,53630.0,71090.0
England and Wales,23178.0,7468.0,11958.0,14135.0,15944.0,19530.0,27385.0,32429.0,35461.0,39143.0,50879.0,23609.0,7547.0,12142.0,14500.0,16313.0,19870.0,27907.0,33072.0,36181.0,39994.0,52122.0,24105.0,7696.0,12324.0,14716.0,16689.0,20288.0,28488.0,33715.0,36979.0,40811.0,53390.0,25011.0,8166.0,13015.0,15572.0,17599.0,21114.0,29477.0,34868.0,38082.0,41909.0,55114.0,26000.0,8628.0,13762.0,16379.0,18398.0,22018.0,30500.0,35986.0,39417.0,43234.0,56736.0,26067.0,8784.0,14166.0,16766.0,18774.0,22250.0,30357.0,35724.0,39063.0,42821.0,55284.0,27942.0,9597.0,15572.0,18252.0,20265.0,24000.0,32487.0,38028.0,41287.0,45151.0,58026.0,29654.0,10070.0,16510.0,19498.0,21743.0,25690.0,34359.0,40171.0,43470.0,47673.0,61729.0,31708.0,10968.0,17989.0,21226.0,23574.0,27516.0,36661.0,42777.0,46413.0,50799.0,66101.0,32991,11424.0,18589.0,22094.0,24563.0,28627.0,38058.0,44677.0,48479.0,53162.0,70250.0
Essex,21387.0,6182.0,10303.0,12100.0,14340.0,17967.0,25176.0,30205.0,33146.0,36877.0,48224.0,22255.0,6420.0,10631.0,12825.0,15113.0,18568.0,26312.0,31323.0,34252.0,38084.0,48946.0,22655.0,6193.0,10461.0,12204.0,14684.0,18694.0,26476.0,31075.0,34353.0,38407.0,48958.0,23943.0,6889.0,11001.0,12986.0,15516.0,20007.0,28332.0,33138.0,36151.0,39552.0,50273.0,24000.0,6866.0,10883.0,13065.0,15687.0,19980.0,28221.0,33160.0,36214.0,40051.0,50816.0,24408.0,7456.0,11902.0,14101.0,16404.0,20688.0,28505.0,33000.0,36075.0,39830.0,50327.0,26343.0,8435.0,12993.0,15887.0,18331.0,22456.0,30318.0,35730.0,39253.0,42929.0,54615.5,27995.0,8608.0,13327.0,15930.0,18953.0,23744.0,32514.0,37450.0,40781.0,44500.0,58904.0,30817.0,9684.0,15111.0,18550.0,21570.0,26289.0,35727.0,41011.0,44326.0,48000.0,61249.0,30898,9559.0,15360.0,18645.0,22391.0,26640.0,35812.0,41694.0,45529.0,50074.0,66286.0
Gloucestershire,22634.0,7570.0,11254.0,13633.0,15504.0,19168.0,26000.0,30509.0,33643.0,37205.0,47621.0,22791.0,7189.0,11441.0,13958.0,15544.0,18992.0,26773.0,31292.0,34525.0,37898.0,47621.0,23892.0,7242.0,11533.0,14003.0,16177.0,20169.0,27550.0,31980.0,35577.0,38126.0,49626.0,24328.0,8003.0,11850.0,14236.0,16480.0,20476.0,28332.0,33141.0,36795.0,40267.0,50000.0,24078.0,8464.0,12232.0,14989.0,17231.0,20487.0,27858.0,33082.0,36752.0,39383.0,50468.0,24571.0,8599.0,12827.0,15687.0,17897.0,21248.0,28368.0,32785.0,36331.0,40567.0,51005.0,26759.0,8999.0,14040.0,17652.0,19366.0,23006.0,31451.0,36201.0,39383.0,42061.0,54296.0,28154.0,9301.0,16286.0,19104.0,21011.0,24551.0,32535.0,38664.0,41303.0,45918.0,57587.0,30060.0,9740.0,16452.0,20244.0,22990.0,26403.0,34952.0,40000.0,43752.0,47982.0,60165.0,32019,10369.0,17671.0,21893.0,24525.0,28671.0,36222.0,42547.0,47455.0,50604.0,64836.0
Great Britain,23162.0,7500.0,11986.0,14153.0,15961.0,19524.0,27315.0,32334.0,35300.0,38904.0,50465.0,23561.0,7588.0,12183.0,14506.0,16327.0,19864.0,27817.0,32953.0,36000.0,39673.0,51667.0,24072.0,7748.0,12379.0,14747.0,16722.0,20314.0,28425.0,33600.0,36750.0,40491.0,53000.0,25000.0,8189.0,13037.0,15576.0,17600.0,21102.0,29400.0,34716.0,37920.0,41670.0,54602.0,26000.0,8628.0,13798.0,16411.0,18422.0,22032.0,30464.0,35925.0,39309.0,43023.0,56159.0,26056.0,8790.0,14203.0,16786.0,18789.0,22261.0,30360.0,35695.0,39012.0,42658.0,54961.0,27902.0,9600.0,15594.0,18253.0,20271.0,24000.0,32437.0,37971.0,41192.0,44973.0,57512.0,29640.0,10086.0,16521.0,19500.0,21756.0,25684.0,34355.0,40121.0,43318.0,47446.0,61123.0,31722.0,11014.0,18011.0,21252.0,23607.0,27539.0,36664.0,42740.0,46367.0,50606.0,65591.0,32972,11456.0,18613.0,22112.0,24580.0,28646.0,38061.0,44629.0,48408.0,52929.0,69750.0
Greater Manchester Met County,22134.0,7337.0,11891.0,13799.0,15586.0,18882.0,25553.0,30337.0,32960.0,35866.0,45888.0,22628.0,7771.0,12451.0,14680.0,16336.0,19421.0,26471.0,30948.0,33718.0,36750.0,46714.0,23172.0,7840.0,12738.0,15000.0,16681.0,19828.0,26941.0,31380.0,34564.0,37769.0,48169.0,23917.0,8478.0,13580.0,15784.0,17462.0,20448.0,27663.0,32394.0,35495.0,38880.0,48792.0,24560.0,8675.0,13601.0,15907.0,17793.0,21166.0,28465.0,33493.0,36493.0,39999.0,50732.0,24342.0,8426.0,13453.0,15792.0,17928.0,21105.0,28000.0,32840.0,35637.0,39252.0,49893.0,26412.0,9731.0,15511.0,17984.0,19760.0,22959.0,30360.0,35456.0,39101.0,42284.0,53955.0,28702.0,10288.0,16441.0,19517.0,21430.0,24962.0,32869.0,37623.0,40801.0,44915.0,56696.0,30465.0,11375.0,18646.0,21394.0,23491.0,26690.0,34525.0,39809.0,43540.0,47417.0,60818.0,31706,11742.0,18772.0,21929.0,24106.0,27789.0,36634.0,42529.0,46151.0,50079.0,65321.0
Hampshire,24556.0,8000.0,12672.0,15000.0,17107.0,20838.0,28903.0,33818.0,37087.0,40788.0,53534.0,24652.0,7360.0,12223.0,14654.0,16781.0,20653.0,28977.0,34294.0,37836.0,41163.0,52851.0,25028.0,7243.0,12000.0,14643.0,16872.0,20800.0,29470.0,34799.0,37946.0,41571.0,54000.0,25431.0,7741.0,12153.0,14863.0,17225.0,21070.0,30146.0,35891.0,39360.0,43480.0,56547.0,26434.0,8044.0,12569.0,15928.0,18297.0,22310.0,30892.0,35782.0,39252.0,43034.0,56926.0,27142.0,8880.0,14102.0,17413.0,19409.0,23425.0,31983.0,37118.0,40000.0,43695.0,54952.0,28973.0,9597.0,15600.0,18844.0,21119.0,25443.0,33397.0,38832.0,41504.0,45235.0,57769.0,30392.0,10464.0,16852.0,20164.0,22742.0,26616.0,35138.0,40835.0,44042.0,48134.0,60587.0,31943.0,10224.0,17470.0,21232.0,24140.0,27948.0,36652.0,42638.0,46551.0,50760.0,65998.0,33507,11451.0,18061.0,22444.0,25118.0,29080.0,37826.0,44285.0,48116.0,53039.0,68681.0
Hertfordshire,23605.0,6181.0,10536.0,12945.0,15079.0,19309.0,28118.0,33362.0,36524.0,40335.0,53257.0,24000.0,6001.0,10374.0,12802.0,15179.0,19658.0,29000.0,34300.0,37371.0,40454.0,54897.0,25345.0,6365.0,11610.0,14197.0,16473.0,21120.0,30262.0,35617.0,38986.0,42917.0,57086.0,25902.0,6463.0,11107.0,13794.0,16639.0,21515.0,30690.0,36324.0,39796.0,44308.0,58920.0,25968.0,6492.0,12000.0,14978.0,17614.0,21916.0,30669.0,36924.0,40398.0,45000.0,61258.0,25902.0,7115.0,11390.0,14029.0,16988.0,21534.0,30568.0,36840.0,40374.0,44344.0,56141.0,27457.0,7201.0,11731.0,14507.0,17722.0,23265.0,32501.0,38764.0,42332.0,47127.0,63060.5,28600.0,6384.0,11594.0,14159.0,17255.0,23295.0,33939.0,40449.0,44083.0,48315.0,63060.5,30000.0,6972.0,12376.0,14838.0,18363.0,24922.0,35583.0,42834.0,47280.0,52032.0,69980.0,32631,7956.0,14312.0,17722.0,21101.0,27610.0,38694.0,46992.0,50667.0,56523.0,76586.0
Inner London,35467.0,12208.0,20000.0,22972.0,25494.0,30432.0,41587.0,49199.0,54045.0,60925.0,87654.0,36450.0,12213.0,20394.0,23533.0,26114.0,31292.0,42780.0,50750.0,56267.0,64196.0,92988.0,37858.0,12624.0,21365.0,24537.0,27408.0,32389.0,44290.0,52327.0,58084.0,66309.0,95778.0,38573.0,13454.0,21932.0,24927.0,27519.0,32993.0,44855.0,54065.0,60235.0,68396.0,99410.0,40375.0,14249.0,23203.0,26192.0,29133.0,34615.0,47431.0,56426.0,62916.0,71361.0,101706.0,39048.0,13793.0,22619.0,25616.0,28402.0,33315.0,45625.0,53956.0,59827.0,67179.0,95726.0,41699.0,15554.0,24509.0,27417.0,30251.0,35786.0,48337.0,56770.0,62623.0,70819.0,101183.0,44449.0,16828.0,26498.0,29326.0,32317.0,38288.0,51730.0,61086.0,67874.0,75997.0,107755.0,46562.0,16850.0,27681.0,30934.0,34305.0,40096.0,54129.0,63613.0,70483.0,79371.0,111467.0,49854,19142.0,29951.0,32947.0,36166.0,42591.0,57913.0,69300.0,76871.0,87882.0,123862.0
Kent,21705.0,6789.0,10726.0,12886.0,14646.0,18198.0,25324.0,30176.0,32757.0,36228.0,46384.0,21995.0,7135.0,11048.0,13105.0,15074.0,18090.0,25628.0,30654.0,33484.0,36665.0,46731.0,22225.0,6950.0,11307.0,13311.0,15540.0,18951.0,26097.0,30862.0,33501.0,37399.0,47174.0,24604.0,8063.0,12745.0,15108.0,17460.0,20885.0,28586.0,33867.0,36367.0,40301.0,51419.0,24629.0,8202.0,12836.0,15386.0,17350.0,21147.0,29102.0,34652.0,37766.0,42087.0,53073.0,24767.0,8543.0,13657.0,15777.0,17761.0,21207.0,28995.0,32844.0,36106.0,40061.0,52188.0,26237.0,9513.0,15274.0,17454.0,19678.0,23062.0,30689.0,35591.0,39103.0,42763.0,53559.0,27962.0,9700.0,15586.0,18585.0,20872.0,24317.0,32429.0,37333.0,40326.0,43850.0,55379.0,30000.0,10912.0,17518.0,20628.0,22662.0,26302.0,34709.0,40246.0,43629.0,47276.0,58978.0,30721,10296.0,17017.0,20504.0,23209.0,26933.0,35035.0,41437.0,44693.0,48464.0,62546.0
Lancashire,21008.0,7329.0,11388.0,13276.0,15049.0,18054.0,24856.0,30237.0,32828.0,35871.0,44826.0,21486.0,7759.0,12161.0,14000.0,15607.0,18518.0,25000.0,29890.0,32913.0,36425.0,44985.0,21906.0,7918.0,12403.0,14202.0,15809.0,18766.0,25500.0,29900.0,33503.0,37490.0,46753.0,22423.0,8277.0,12988.0,14886.0,16506.0,19376.0,26427.0,31202.0,34471.0,38425.0,47100.0,22814.0,8272.0,13299.0,15238.0,17088.0,19920.0,27300.0,32869.0,35953.0,39577.0,47135.0,22690.0,8038.0,12726.0,14640.0,16498.0,19856.0,26294.0,31409.0,34813.0,38830.0,47014.0,25000.0,9098.0,14556.0,17219.0,19122.0,21905.0,28914.0,33900.0,36957.0,40275.0,49510.0,27316.0,10287.0,17118.0,19518.0,21395.0,24160.0,31491.0,37151.0,40505.0,44044.0,54599.0,29303.0,11143.0,17787.0,20652.0,22871.0,25806.0,32981.0,38002.0,41467.0,45473.0,55213.0,30142,11664.0,17774.0,20516.0,23425.0,26420.0,34258.0,39717.0,44050.0,47945.0,59390.0
Leeds,24183.0,8085.0,13467.0,15435.0,17347.0,20645.0,28166.0,32339.0,34949.0,38743.0,48363.0,24420.0,8345.0,14244.0,16034.0,17776.0,20909.0,28343.0,32849.0,35715.0,39125.0,49511.0,23300.0,7748.0,13128.0,15391.0,16947.0,20219.0,27562.0,32121.0,35213.0,39177.0,50424.0,24636.0,8310.0,13690.0,16215.0,18089.0,21395.0,29114.0,34526.0,37500.0,41258.0,51200.0,26541.0,9074.0,15417.0,17800.0,19321.0,22577.0,30635.0,35402.0,38311.0,41865.0,51976.0,26671.0,10092.0,16486.0,18100.0,19549.0,23380.0,30794.0,36255.0,39504.0,42806.0,52495.0,28757.0,11684.0,18059.0,19865.0,21588.0,25003.0,33181.0,39027.0,41786.0,46036.0,56862.0,29631.0,10790.0,18795.0,21121.0,23025.0,26123.0,34933.0,39944.0,43080.0,47166.0,60581.0,32391.0,13304.0,21553.0,23919.0,25379.0,28621.0,37485.0,43116.0,46465.0,50635.0,64300.0,32953,11675.0,20345.0,23579.0,25450.0,28795.0,37591.0,42811.0,46896.0,50863.0,67231.0
Leicestershire,20994.0,6191.0,10509.0,12875.0,14475.0,18050.0,24746.0,29531.0,32356.0,34946.0,43627.0,21943.0,6506.0,11007.0,13082.0,15078.0,18512.0,25492.0,30000.0,32692.0,35655.0,44015.0,22004.0,6343.0,10687.0,12518.0,14563.0,18229.0,25702.0,30213.0,33696.0,36737.0,44310.0,23475.0,7745.0,12411.0,14784.0,16702.0,20258.0,26567.0,31364.0,34015.0,37597.0,47366.0,24167.0,8935.0,13248.0,15785.0,17316.0,20566.0,27476.0,32310.0,35820.0,39574.0,47564.5,24421.0,9015.0,14285.0,16445.0,18001.0,21099.0,28078.0,32449.0,35175.0,38963.0,47763.0,27177.0,9550.0,15338.0,17956.0,19920.0,23567.0,31241.0,35586.0,38708.0,41845.0,52569.0,27466.0,9615.0,15619.0,18256.0,20540.0,24000.0,31501.0,36015.0,38696.0,42663.0,54037.0,29408.0,11163.0,16856.0,19609.0,22306.0,25637.0,32936.0,37385.0,40271.0,44920.0,56743.0,30652,11914.0,17722.0,21008.0,23608.0,27257.0,35320.0,41092.0,44975.0,48313.0,59931.0
Lincolnshire,19860.0,6825.0,10560.0,12466.0,14160.0,16975.0,22802.0,26917.0,29702.0,31951.0,41373.0,20375.0,7188.0,10995.0,13264.0,15102.0,17703.0,23289.0,27150.0,29929.0,32060.0,41373.0,20755.0,7561.5,11352.0,13464.0,15481.0,18021.0,23930.0,27958.0,30730.0,33533.0,42736.5,21354.0,7935.0,11953.0,14041.0,15878.0,18749.0,24970.0,29379.0,31644.0,34001.0,42736.5,22513.0,8218.0,11998.0,14122.0,16364.0,19171.0,26115.0,30482.0,33183.0,35359.0,44100.0,22940.0,8022.0,12496.0,14776.0,16692.0,19812.0,25816.0,30472.0,32817.0,35354.0,43062.0,24527.0,8999.0,14204.0,15916.0,17979.0,20983.0,28293.0,32299.0,35008.0,37463.0,45991.0,26499.0,9489.0,14726.0,17311.0,19543.0,23025.0,29986.0,33956.0,36452.0,39388.0,45991.0,27563.0,9979.0,15580.0,18606.0,20814.0,24024.0,31293.0,35566.0,37873.0,41044.0,48920.0,28588,10543.0,16054.0,18726.0,21507.0,25627.0,32086.0,36483.0,39344.0,42508.0,51671.0
Liverpool,22990.0,7856.0,12751.0,14631.0,16228.0,19851.0,26610.0,31711.0,33878.0,36969.0,47201.0,22705.0,7592.0,12204.0,14652.0,16554.0,19890.0,26351.0,31447.0,33897.0,36626.0,46939.0,22465.0,8089.5,11962.0,14126.0,15821.0,19193.0,26132.0,31410.0,33987.0,37803.0,48224.0,24179.0,8587.0,14075.0,16148.0,18201.0,21069.0,28390.0,34067.0,36650.0,39890.0,49509.0,26040.0,9436.0,14782.0,17298.0,19210.0,22282.0,30684.0,35837.0,38604.0,42557.0,51672.0,26397.0,9877.0,15606.0,17904.0,19989.0,22721.0,30077.0,34764.0,38217.0,41131.0,51594.0,27677.0,10220.5,16149.0,18436.0,20620.0,24607.0,31680.0,37678.0,40909.0,44493.0,54094.5,30209.0,10564.0,18506.0,21000.0,22666.0,26539.0,34718.0,39714.0,42606.0,47211.0,56595.0,31463.0,12250.0,20044.0,22694.0,24600.0,28344.0,36615.0,41319.0,44271.0,47653.0,60293.0,33648,11800.0,19943.0,22748.0,24984.0,29378.0,37785.0,43407.0,45788.0,49568.0,62474.0
London,31357.0,9385.0,16134.0,19186.0,21785.0,26543.0,36764.0,43617.0,47735.0,52688.0,74766.0,32163.0,9416.0,16556.0,19472.0,22136.0,27083.0,37619.0,44852.0,49158.0,54951.0,78283.0,33000.0,9762.0,16840.0,19962.0,22875.0,28022.0,38617.0,46025.0,50445.0,56480.0,81453.0,33875.0,10085.0,17915.0,20701.0,23495.0,28531.0,39616.0,46851.0,51899.0,58598.0,84595.0,35000.0,10604.0,18342.0,21669.0,24227.0,29784.0,41369.0,49018.0,54003.0,60525.0,86702.0,34583.0,10726.0,18666.0,21822.0,24236.0,29470.0,40260.0,47819.0,52266.0,58051.0,80251.0,36825.0,11751.0,20458.0,23637.0,26370.0,31494.0,43000.0,50063.0,54675.0,60669.0,83539.0,39133.0,12500.0,22003.0,25230.0,28000.0,33387.0,45507.0,53805.0,59121.0,66330.0,91955.0,41586.0,13004.0,23755.0,26996.0,30000.0,35747.0,48222.0,57087.0,62513.0,69736.0,96370.0,43190,13708.0,25133.0,28529.0,31371.0,37031.0,50574.0,60227.0,66503.0,75003.0,105982.0
Manchester,25225.0,9215.0,14540.0,16997.0,18740.0,22162.0,29415.0,34251.0,37289.0,40608.0,52137.0,26324.0,8924.0,15431.0,17376.0,19211.0,22836.0,30396.0,35033.0,38427.0,41724.0,53860.0,27118.0,9438.0,16204.0,18142.0,19977.0,23509.0,30811.0,36023.0,39414.0,43401.0,54850.0,27200.0,10462.0,16379.0,18376.0,20157.0,23867.0,31201.0,36748.0,39455.0,42782.0,55479.0,27947.0,10856.0,17007.0,18770.0,21098.0,24502.0,31748.0,36686.0,39999.0,44494.0,59119.0,27839.0,10427.0,16624.0,19238.0,20762.0,24085.0,31909.0,37796.0,40719.0,44408.0,62906.0,30127.0,11501.0,18817.0,20705.0,22403.0,25721.0,34816.0,40408.0,43229.0,47425.0,62906.0,33350.0,12575.0,20596.0,22975.0,24951.0,28918.0,37575.0,42986.0,46550.0,50521.0,66693.0,33272.0,12996.0,21558.0,23744.0,25571.0,29406.0,37833.0,44279.0,48057.0,52669.0,69448.0,36554,13789.0,23438.0,25866.0,27788.0,31700.0,41304.0,47284.0,51351.0,56261.0,73299.0
Merseyside Met County,21521.0,7020.0,11019.0,13095.0,15090.0,18012.0,25024.0,29506.0,32477.0,35207.0,44638.0,21720.0,7178.0,11254.0,13355.0,15126.0,18397.0,25179.0,29602.0,32560.0,35357.0,45391.0,21718.0,7066.0,11309.0,13124.0,15152.0,18226.0,25285.0,30372.0,33552.0,37146.0,46718.0,23215.0,8072.0,12375.0,14652.0,16666.0,19697.0,26722.0,31776.0,34585.0,38203.0,48041.0,24560.0,8529.0,12939.0,15422.0,17616.0,20806.0,28553.0,33413.0,36636.0,40340.0,51027.0,24907.0,9401.0,14196.0,16675.0,18604.0,21560.0,28912.0,33526.0,37183.0,40410.0,50743.0,25874.0,9368.0,14382.0,16994.0,18922.0,22251.0,30000.0,34311.0,37856.0,41062.0,51929.0,27888.0,10366.0,16057.0,18579.0,21000.0,24447.0,32368.0,36952.0,40344.0,43255.0,54192.0,29550.0,10002.0,16566.0,19948.0,22421.0,25852.0,33977.0,39290.0,42002.0,45386.0,58294.0,30946,11658.0,18140.0,20823.0,23567.0,26935.0,35699.0,40580.0,44603.0,47333.0,59495.0
Newcastle upon Tyne,23175.0,8493.0,13444.0,15068.0,16389.0,19565.0,26630.0,30867.0,34829.0,38597.0,48608.0,24035.0,8493.0,13765.0,15786.0,17643.0,20713.0,27973.0,33662.0,37444.0,41158.0,48608.0,22872.0,8231.0,12742.0,15022.0,16991.0,19558.0,26912.0,31713.0,35546.0,39664.0,48608.0,24082.0,8819.0,14600.0,16314.0,17925.0,20592.0,27947.0,33534.0,37031.0,40022.0,51519.5,24628.0,10125.0,15796.0,17760.0,19244.0,21873.0,29511.0,34221.0,37252.0,40667.0,54431.0,26086.0,10370.0,16539.0,17990.0,19487.0,23223.0,30606.0,35097.0,38273.0,41860.0,52767.0,27941.0,10648.0,17078.0,19273.0,21000.0,24230.0,31701.0,36388.0,39589.0,41771.0,56609.5,28608.0,11642.5,17199.0,19574.0,21814.0,25750.0,32556.0,37837.0,40344.0,43277.0,56609.5,30646.0,12637.0,19384.0,22647.0,24274.0,27100.0,34594.0,40046.0,44042.0,46627.0,60452.0,31786,13669.0,19854.0,22843.0,25000.0,28264.0,35750.0,41017.0,44152.0,47576.0,57964.0
Norfolk,19929.0,5986.0,9617.0,11227.0,13364.0,16383.0,23180.0,28363.0,31055.0,34528.0,43375.0,19875.0,6318.0,10163.0,11840.0,13776.0,16812.0,23407.0,27884.0,30463.0,33358.0,43162.0,21229.0,6579.0,10637.0,12587.0,15021.0,18168.0,24836.0,29500.0,32027.0,36144.0,44065.5,22467.0,7094.0,11451.0,13010.0,15151.0,18737.0,25401.0,29747.0,32285.0,35720.0,44969.0,22757.0,7024.0,11800.0,13867.0,16258.0,19419.0,25897.0,30458.0,32709.0,36449.0,45405.0,24250.0,7605.0,12356.0,14795.0,17216.0,20783.0,27323.0,31775.0,34919.0,38346.0,47182.0,25229.0,9239.0,13401.0,15880.0,18351.0,22038.0,28431.0,32920.0,35611.0,39180.0,48055.0,27375.0,9568.5,14742.0,17193.0,19648.0,23525.0,30805.0,35349.0,38404.0,42418.0,50585.0,29011.0,9898.0,15503.0,18670.0,21569.0,25082.0,32926.0,37302.0,40372.0,44410.0,55172.0,29114,9739.0,15108.0,17860.0,21064.0,25332.0,33305.0,38159.0,41167.0,45531.0,57444.0
North East,21177.0,7451.0,11647.0,13515.0,15188.0,18225.0,24747.0,28575.0,31314.0,34761.0,42512.0,21736.0,7460.0,11722.0,13773.0,15550.0,18486.0,25116.0,29126.0,31980.0,35434.0,44511.0,21650.0,7779.0,12102.0,14176.0,15797.0,18712.0,25241.0,29581.0,32309.0,35554.0,43998.0,22602.0,7993.0,12607.0,14907.0,16679.0,19560.0,26126.0,30605.0,33329.0,36523.0,45580.0,23436.0,8604.0,13559.0,15725.0,17377.0,20214.0,27000.0,31706.0,34193.0,37271.0,47344.0,23273.0,8747.0,13504.0,15863.0,17489.0,20266.0,26755.0,31000.0,33768.0,36736.0,45993.0,25017.0,9032.0,14404.0,16781.0,18534.0,21614.0,28556.0,33458.0,36042.0,39213.0,47939.0,26449.0,9802.0,15432.0,18135.0,20044.0,23249.0,30199.0,35049.0,38002.0,41176.0,50065.0,28190.0,10664.0,16662.0,19377.0,21773.0,25000.0,31996.0,37022.0,39786.0,43512.0,53782.0,29266,10727.0,17213.0,20252.0,22769.0,26092.0,33006.0,38097.0,41339.0,45254.0,56226.0
North West,21664.0,7200.0,11434.0,13442.0,15288.0,18418.0,25269.0,30143.0,32876.0,36094.0,45724.0,22103.0,7381.0,11850.0,14036.0,15778.0,18844.0,25875.0,30531.0,33473.0,36750.0,46560.0,22633.0,7514.0,12200.0,14370.0,16182.0,19230.0,26442.0,31162.0,34315.0,37871.0,47980.0,23484.0,8242.0,12984.0,15300.0,17073.0,20059.0,27284.0,32172.0,35322.0,38842.0,48839.0,24396.0,8628.0,13532.0,15850.0,17800.0,20973.0,28503.0,33597.0,36684.0,40137.0,50746.0,24398.0,8557.0,13587.0,15819.0,17995.0,21100.0,28262.0,33303.0,36400.0,40082.0,50263.0,26173.0,9564.0,15115.0,17674.0,19593.0,22709.0,30200.0,35360.0,38822.0,42149.0,52954.0,28382.0,10442.0,16495.0,19367.0,21344.0,24770.0,32744.0,37784.0,40914.0,44591.0,55885.0,30298.0,11136.0,18041.0,21049.0,23149.0,26565.0,34726.0,40241.0,43725.0,47716.0,60416.0,31489,11656.0,18450.0,21418.0,23902.0,27406.0,36361.0,42468.0,45948.0,49869.0,63864.0
Northern Ireland,20966.0,7324.0,11079.0,12871.0,14535.0,17794.0,24520.0,29046.0,31992.0,35669.0,43917.0,21215.0,7534.0,11627.0,13715.0,15233.0,18127.0,24782.0,29294.0,31954.0,35779.0,43700.0,22071.0,7984.0,12000.0,14211.0,15847.0,18847.0,25860.0,30368.0,32932.0,36297.0,44539.0,22459.0,8058.0,12626.0,14538.0,16383.0,19265.0,26274.0,30693.0,33165.0,36880.0,44812.0,23289.0,8354.0,12814.0,14975.0,16825.0,19946.0,27000.0,32000.0,34802.0,38157.0,47210.0,24099.0,8309.0,13350.0,15492.0,17609.0,20917.0,27777.0,32604.0,35211.0,38828.0,48504.0,25419.0,9630.0,14660.0,16997.0,19081.0,22380.0,29315.0,34352.0,37598.0,40761.0,50156.0,26789.0,9360.0,15165.0,17936.0,20104.0,23637.0,31077.0,36418.0,39980.0,42927.0,54009.0,28759.0,10030.0,16275.0,19462.0,21899.0,25353.0,32986.0,38126.0,41068.0,43818.0,55416.0,31084,10233.0,17441.0,20924.0,23429.0,27376.0,35623.0,41031.0,44531.0,48703.0,61143.0
Nottinghamshire,19854.0,6624.0,10557.0,12596.0,14087.0,16969.0,23072.0,27349.0,29972.0,33538.0,43164.0,20418.0,6612.0,10734.0,12677.0,14438.0,17533.0,23545.0,27311.0,30003.0,33383.0,42852.0,20982.0,7203.0,11221.0,13297.0,15092.0,18208.0,24623.0,28518.0,31150.0,34823.0,44285.0,21173.0,7794.0,12157.0,14164.0,16043.0,18672.0,24740.0,29229.0,31683.0,34608.0,45280.0,21556.0,6972.0,11776.0,13866.0,16205.0,18833.0,25473.0,30000.0,32638.0,37279.0,46275.0,22247.0,7322.0,12026.0,14418.0,16624.0,19763.0,26071.0,30093.0,32821.0,35956.0,47412.5,23652.0,8825.0,13224.0,15966.0,18173.0,21064.0,27630.0,31713.0,34435.0,37601.0,47412.5,25380.0,8758.0,13563.0,16351.0,18755.0,22483.0,28899.0,33281.0,36124.0,39874.0,48550.0,26560.0,8228.0,13537.0,16369.0,19170.0,23518.0,30628.0,35191.0,38176.0,41938.0,52794.0,27413,9000.0,14833.0,17834.0,20933.0,24706.0,31659.0,36532.0,39560.0,43611.0,55513.0
Outer London,25250.0,7689.0,12173.0,14820.0,16806.0,21058.0,29982.0,35130.0,38479.0,42088.0,52693.0,25180.0,7315.0,12000.0,14548.0,16718.0,20960.0,29866.0,35180.0,38318.0,42155.0,53443.0,25347.0,7694.0,12000.0,14361.0,16595.0,20780.0,29758.0,34983.0,38063.0,42274.0,53407.0,26459.0,7948.0,12548.0,15367.0,17768.0,22000.0,31242.0,36879.0,39699.0,43733.0,56145.0,27108.0,8339.0,12811.0,15554.0,18000.0,22594.0,32153.0,38378.0,41673.0,45585.0,57998.0,27642.0,8613.0,13743.0,16564.0,19092.0,23503.0,32394.0,37764.0,41284.0,45545.0,56849.0,30204.0,8998.0,15045.0,18289.0,20973.0,25641.0,35125.0,40704.0,44075.0,48096.0,58688.0,30724.0,9599.0,15719.0,18950.0,21690.0,26225.0,35881.0,41837.0,45626.0,49889.0,62852.0,33488.0,10119.0,16917.0,20527.0,23921.0,28620.0,38655.0,44996.0,48544.0,53101.0,67936.0,33801,10173.0,16640.0,20804.0,24129.0,29071.0,38715.0,44652.0,48646.0,53101.0,68813.0
Oxfordshire,27490.0,8955.0,14941.0,17446.0,19503.0,23573.0,31674.0,35989.0,38804.0,42775.0,53507.0,27604.0,7926.0,14139.0,16803.0,18961.0,23203.0,31703.0,36306.0,39257.0,43271.0,53807.5,27915.0,8264.0,14437.0,16978.0,18770.0,23388.0,32776.0,37349.0,40230.0,44000.0,54108.0,28375.0,8681.0,14593.0,17363.0,19609.0,23929.0,33000.0,38006.0,40971.0,44910.0,55809.0,29617.0,9564.0,15786.0,18335.0,20254.0,24496.0,34015.0,39111.0,42268.0,45615.0,57136.0,29576.0,10386.0,17036.0,19952.0,21787.0,25372.0,34043.0,39351.0,42726.0,46554.0,56026.0,32615.0,11265.0,18682.0,21034.0,23433.0,27999.0,37500.0,42268.0,45575.0,49240.0,59132.0,33696.0,11132.0,19060.0,22148.0,24698.0,28814.0,38502.0,43683.0,46313.0,50647.0,62238.0,36282.0,12644.0,21007.0,23948.0,26421.0,31309.0,41001.0,46993.0,50170.0,54017.0,66116.0,36480,12837.0,21052.0,24613.0,26650.0,31586.0,41965.0,48458.0,51928.0,55986.0,71059.0
Scotland,22913.0,7846.0,12254.0,14326.0,16117.0,19500.0,26653.0,31461.0,34128.0,36651.0,46261.0,23122.0,7894.0,12504.0,14590.0,16460.0,19790.0,27098.0,31616.0,34435.0,37148.0,47148.0,23858.0,8091.0,12875.0,15018.0,17042.0,20488.0,27870.0,32557.0,35270.0,38122.0,48647.0,24559.0,8400.0,13279.0,15629.0,17600.0,21000.0,28794.0,33483.0,36445.0,39431.0,49403.0,25668.0,8837.0,14192.0,16703.0,18591.0,22171.0,30126.0,35016.0,38238.0,41301.0,51299.0,25970.0,9141.0,14633.0,17044.0,18953.0,22417.0,30378.0,35354.0,38436.0,41446.0,50585.0,27506.0,9880.0,15801.0,18268.0,20330.0,23921.0,32021.0,37278.0,40375.0,43107.0,53334.0,29464.0,10195.0,16608.0,19511.0,21856.0,25620.0,34314.0,39577.0,42324.0,45478.0,56181.0,31828.0,11581.0,18474.0,21507.0,23857.0,27762.0,36681.0,42448.0,45779.0,49009.0,60699.0,32775,11842.0,18833.0,22293.0,24724.0,28737.0,38092.0,44211.0,47512.0,50899.0,63901.0
South East,24514.0,7620.0,12397.0,14760.0,16710.0,20557.0,28874.0,33887.0,37015.0,40702.0,53831.0,24679.0,7553.0,12362.0,14876.0,16812.0,20678.0,29248.0,34534.0,37638.0,41299.0,54000.0,25000.0,7648.0,12365.0,14895.0,17078.0,21000.0,29551.0,34824.0,38153.0,41860.0,54556.0,26215.0,8143.0,12903.0,15700.0,17988.0,22031.0,30852.0,36380.0,39915.0,43909.0,57909.0,27100.0,8628.0,13800.0,16726.0,18839.0,23000.0,31678.0,37306.0,40802.0,44954.0,58882.0,27300.0,8829.0,14485.0,17305.0,19369.0,23258.0,31750.0,37500.0,40584.0,44610.0,57482.0,29027.0,9697.0,16043.0,18772.0,20880.0,24930.0,33735.0,39379.0,42569.0,46542.0,59838.0,30757.0,10080.0,16890.0,20054.0,22399.0,26546.0,35754.0,41757.0,45141.0,49362.0,63703.0,32845.0,11320.0,18505.0,21814.0,24238.0,28529.0,38065.0,44256.0,48025.0,52445.0,67059.0,33499,11087.0,18580.0,22154.0,24781.0,29020.0,38667.0,45120.0,48942.0,53571.0,70416.0
South West,21295.0,6442.0,10611.0,12855.0,14755.0,18040.0,24894.0,29208.0,31786.0,35185.0,44895.0,21797.0,6592.0,10899.0,13000.0,15000.0,18338.0,25377.0,29897.0,32456.0,35626.0,45507.0,22225.0,6986.0,11182.0,13318.0,15360.0,18910.0,26000.0,30631.0,33489.0,36768.0,46372.0,22754.0,7226.0,11614.0,13773.0,15929.0,19380.0,26599.0,31208.0,33964.0,37506.0,47605.0,23736.0,7695.0,12147.0,14444.0,16626.0,20213.0,27683.0,32399.0,35170.0,38613.0,49172.0,23790.0,8022.0,12644.0,15004.0,17253.0,20597.0,27599.0,32031.0,34761.0,37985.0,48305.0,26322.0,9267.0,14513.0,17367.0,19378.0,22690.0,30376.0,34977.0,37771.0,41143.0,51444.0,27993.0,9658.0,15769.0,18521.0,20778.0,24416.0,32322.0,37390.0,40634.0,43940.0,55232.0,29539.0,9895.0,16281.0,19630.0,22193.0,25998.0,34149.0,39240.0,42473.0,45774.0,58148.0,31047,10766.0,17154.0,20702.0,23501.0,27277.0,35690.0,41156.0,44663.0,48527.0,62293.0
South Yorkshire Met County,20590.0,7197.0,10904.0,12584.0,14500.0,17413.0,24305.0,28837.0,31487.0,34600.0,42151.0,20849.0,7624.0,11058.0,12979.0,14991.0,17571.0,24494.0,28927.0,31804.0,35185.0,42810.0,21388.0,7472.0,11500.0,13570.0,15412.0,18312.0,25036.0,29627.0,32230.0,35275.0,43933.0,22423.0,7795.0,12205.0,14284.0,16279.0,19220.0,25978.0,30406.0,32898.0,36224.0,44601.0,23536.0,8628.0,13093.0,15226.0,17180.0,20181.0,27178.0,31683.0,34560.0,38199.0,47093.0,23489.0,8777.0,13255.0,15314.0,17431.0,20420.0,27135.0,31200.0,34171.0,37559.0,46865.0,24942.0,9223.0,14644.0,17001.0,18998.0,21977.0,28538.0,32848.0,35716.0,39623.0,49547.0,27131.0,10948.0,16390.0,18756.0,20825.0,24251.0,31356.0,35682.0,39205.0,42006.0,52040.0,29714.0,11558.0,17415.0,20311.0,22780.0,26062.0,33730.0,38324.0,40808.0,44552.0,55301.0,30503,12008.0,18323.0,21421.0,23818.0,27019.0,34576.0,39112.0,42401.0,46180.0,57402.0
Staffordshire,20858.0,7005.0,11077.0,12802.0,14371.0,17587.0,24476.0,28499.0,30895.0,33757.0,42697.0,21359.0,7266.0,11863.0,13727.0,15403.0,18440.0,25104.0,28969.0,31476.0,34396.0,42542.0,21561.0,7540.0,11875.0,13859.0,15458.0,18490.0,25253.0,29119.0,31307.0,34349.0,41550.0,22105.0,7754.0,12000.0,14043.0,15904.0,18992.0,25993.0,29849.0,32218.0,35388.0,42553.5,23609.0,8584.0,13034.0,15263.0,17393.0,20385.0,27037.0,31104.0,34113.0,36365.0,43557.0,23304.0,7997.0,12694.0,14977.0,16959.0,20048.0,26949.0,30895.0,33142.0,35575.0,43453.0,24454.0,8838.0,13802.0,15774.0,17807.0,21175.0,27722.0,32060.0,34608.0,37491.0,46041.0,27291.0,8697.0,15156.0,17971.0,20074.0,23868.0,30998.0,35622.0,38488.0,40961.0,49538.5,28812.0,9627.0,15949.0,19246.0,21704.0,25073.0,32312.0,37480.0,40069.0,43168.0,53036.0,28927,9730.0,15553.0,19217.0,22085.0,25851.0,32770.0,38570.0,41921.0,44984.0,54995.0
Suffolk,21117.0,6464.0,10310.0,12506.0,14224.0,17765.0,25103.0,29380.0,32299.0,35218.0,45103.0,21549.0,6656.0,10853.0,13110.0,14889.0,18168.0,25457.0,29677.0,32467.0,35444.0,45236.0,22346.0,7330.0,11421.0,13361.0,15377.0,18904.0,26026.0,29621.0,32278.0,35800.0,45717.0,22979.0,8056.0,12164.0,14499.0,16572.0,19742.0,26868.0,31000.0,33957.0,37155.0,46906.0,23518.0,8333.0,12487.0,14950.0,17243.0,20498.0,27502.0,32383.0,35473.0,39100.0,47177.0,24156.0,8626.0,12952.0,15587.0,17459.0,20818.0,27191.0,31346.0,34425.0,37973.0,47448.0,25758.0,8843.0,13760.0,16515.0,18957.0,22675.0,29912.0,35200.0,37925.0,42064.0,51780.0,27813.0,9333.0,14735.0,17799.0,20327.0,24156.0,31892.0,36684.0,39843.0,43588.0,52501.0,29170.0,10020.0,16553.0,20112.0,22242.0,25352.0,33133.0,38873.0,41667.0,44732.0,55290.0,30383,9922.0,16985.0,20524.0,23452.0,26789.0,34550.0,40314.0,43623.0,47149.0,57770.0
Surrey,26901.0,7550.0,12588.0,15822.0,18244.0,22681.0,31559.0,36966.0,40086.0,44932.0,60239.0,27969.0,8052.0,14050.0,16649.0,19144.0,23732.0,32702.0,38382.0,41648.0,47123.0,62276.0,26661.0,7773.0,12142.0,15003.0,18000.0,22652.0,31706.0,37844.0,41119.0,46352.0,61927.0,28280.0,7894.0,12821.0,16515.0,19189.0,24003.0,33490.0,40000.0,43826.0,48973.0,63629.0,27869.0,7756.0,12619.0,15843.0,18195.0,23353.0,33265.0,40104.0,43930.0,48834.0,65331.0,28434.0,8690.0,13852.0,16497.0,19337.0,24371.0,33209.0,39891.0,43495.0,48285.0,63924.0,30485.0,9336.0,16251.0,18885.0,21190.0,26069.0,35401.0,42532.0,46135.0,50765.0,69160.0,32773.0,9982.0,16676.0,20198.0,23030.0,28031.0,37524.0,45917.0,50421.0,55298.0,69160.0,36098.0,12271.0,20284.0,23444.0,26256.0,30920.0,41518.0,48902.0,53148.0,57613.0,74396.0,35673,10226.0,17791.0,21722.0,24599.0,29969.0,41372.0,48294.0,53096.0,59334.0,77451.0
Tyne and Wear Met County,21590.0,8029.0,12279.0,14228.0,15648.0,18717.0,25167.0,28574.0,31333.0,34663.0,45157.0,22341.0,7858.0,12200.0,14351.0,15977.0,19156.0,25645.0,29637.0,32527.0,36169.0,46936.0,22173.0,8164.0,12666.0,14668.0,16344.0,19179.0,25703.0,29783.0,32198.0,35588.0,44713.0,23213.0,8387.0,13550.0,15744.0,17484.0,20119.0,26987.0,31297.0,34156.0,37239.0,47001.0,24039.0,9166.0,14715.0,16668.0,18333.0,20947.0,27588.0,32004.0,34855.0,37715.0,49198.0,24195.0,9555.0,14743.0,16803.0,18274.0,20999.0,27332.0,31802.0,34458.0,37585.0,47607.0,25528.0,9587.0,15151.0,17369.0,19231.0,22177.0,29323.0,33993.0,36317.0,39589.0,48394.0,27045.0,10245.0,16036.0,18755.0,20772.0,23639.0,30898.0,35398.0,38363.0,41859.0,50578.0,29158.0,11580.0,17626.0,20518.0,22530.0,25628.0,32850.0,37804.0,40902.0,44962.0,55500.0,29568,10855.0,17677.0,20891.0,23263.0,26335.0,33570.0,38710.0,42668.0,46085.0,57591.0
United Kingdom,23084.0,7498.0,11952.0,14099.0,15914.0,19466.0,27209.0,32220.0,35211.0,38788.0,50223.0,23484.0,7587.0,12159.0,14475.0,16288.0,19796.0,27700.0,32834.0,35879.0,39527.0,51373.0,24003.0,7761.0,12362.0,14726.0,16688.0,20255.0,28340.0,33504.0,36622.0,40344.0,52715.0,24937.0,8182.0,13019.0,15532.0,17552.0,21037.0,29271.0,34585.0,37767.0,41457.0,54266.0,25886.0,8628.0,13756.0,16338.0,18349.0,21960.0,30350.0,35753.0,39093.0,42810.0,55798.0,25990.0,8788.0,14163.0,16733.0,18722.0,22210.0,30265.0,35567.0,38890.0,42522.0,54657.0,27774.0,9600.0,15551.0,18200.0,20223.0,23939.0,32313.0,37818.0,41056.0,44786.0,57191.0,29511.0,10050.0,16461.0,19437.0,21693.0,25598.0,34244.0,40000.0,43160.0,47283.0,60776.0,31600.0,10981.0,17969.0,21197.0,23530.0,27441.0,36542.0,42548.0,46112.0,50378.0,65224.0,32890,11425.0,18560.0,22060.0,24532.0,28591.0,38000.0,44500.0,48283.0,52809.0,69381.0
Wales,20818.0,7508.0,11548.0,13441.0,15056.0,18116.0,24472.0,29077.0,31846.0,34838.0,42164.0,21272.0,7319.0,11439.0,13493.0,15417.0,18216.0,24717.0,29276.0,32318.0,35124.0,42503.0,21644.0,7280.0,11645.0,13809.0,15676.0,18624.0,24965.0,29583.0,32464.0,35578.0,43109.0,22701.0,7988.0,12452.0,14776.0,16608.0,19553.0,26050.0,30920.0,33866.0,36739.0,44333.0,23545.0,8632.0,13403.0,15816.0,17443.0,20281.0,27314.0,31577.0,34561.0,37624.0,45044.0,23585.0,8602.0,13565.0,15815.0,17737.0,20562.0,27388.0,31681.0,34459.0,38008.0,45875.0,25898.0,9366.0,14812.0,17260.0,19170.0,22437.0,29667.0,33945.0,37005.0,40164.0,48497.0,27372.0,9879.0,15553.0,18412.0,20636.0,23978.0,31199.0,36130.0,39141.0,42018.0,50361.0,29051.0,9818.0,16559.0,19596.0,21959.0,25398.0,33024.0,37933.0,41103.0,44755.0,53704.0,30245,10979.0,17686.0,20687.0,23311.0,26560.0,34512.0,39525.0,42708.0,46513.0,56068.0
Warwickshire,23169.0,7925.0,12726.0,14730.0,16266.0,20134.0,27969.0,33000.0,36227.0,40289.0,51293.0,24478.0,7551.0,12671.0,15223.0,17045.0,21059.0,28951.0,34513.0,37973.0,42228.0,51830.0,24763.0,8248.0,12985.0,15594.0,17582.0,21415.0,28841.0,34693.0,39175.0,43272.0,52705.0,25040.0,8400.0,12864.0,15686.0,17734.0,21404.0,30075.0,35855.0,40083.0,43680.0,53580.0,26856.0,9331.0,14348.0,16744.0,18991.0,22853.0,30918.0,37304.0,40788.0,44705.0,56215.0,27296.0,9935.0,15817.0,18384.0,20179.0,23747.0,31321.0,37429.0,41075.0,45220.0,58850.0,27164.0,9846.0,15406.0,18437.0,20223.0,23603.0,31283.0,36434.0,40126.0,43876.0,56282.0,29013.0,10143.5,16405.0,19794.0,21884.0,25293.0,32923.0,38349.0,41954.0,45429.0,58714.5,31177.0,10441.0,17045.0,20731.0,23146.0,26958.0,35472.0,41005.0,44425.0,48388.0,61147.0,35320,12567.0,21349.0,24044.0,26532.0,31163.0,40617.0,47999.0,52235.0,57428.0,74035.0
West Midlands,21732.0,7205.0,11329.0,13364.0,15022.0,18301.0,25324.0,29991.0,32787.0,35918.0,45522.0,22284.0,7617.0,12000.0,14100.0,15748.0,18873.0,26000.0,30862.0,33979.0,37112.0,46851.0,22824.0,7730.0,12103.0,14294.0,16051.0,19289.0,26648.0,31511.0,34781.0,38323.0,48604.0,23870.0,8108.0,12673.0,15051.0,16918.0,20145.0,27451.0,32476.0,35447.0,39038.0,49300.0,24711.0,8628.0,13452.0,15962.0,17867.0,21026.0,28650.0,33799.0,36729.0,40000.0,50742.0,25068.0,8849.0,14111.0,16507.0,18399.0,21678.0,29060.0,33751.0,36959.0,40341.0,50500.0,26554.0,9579.0,15167.0,17708.0,19620.0,22980.0,30754.0,36116.0,39174.0,42083.0,51859.0,28244.0,9878.0,15867.0,18771.0,21070.0,24604.0,32492.0,37891.0,40670.0,43834.0,54458.0,29850.0,10706.0,17300.0,20374.0,22524.0,26000.0,34056.0,39429.0,42929.0,46807.0,58541.0,31360,11239.0,18290.0,21429.0,23860.0,27424.0,36111.0,42019.0,45672.0,49557.0,62238.0
West Midlands Met County,22501.0,7620.0,11986.0,13993.0,15608.0,18989.0,26413.0,31409.0,34204.0,37301.0,47198.0,22885.0,8060.0,12526.0,14507.0,16175.0,19294.0,27082.0,32503.0,35496.0,39078.0,48941.0,23631.0,8040.0,12726.0,14773.0,16476.0,20000.0,28020.0,33520.0,36822.0,40320.0,51108.0,24830.0,8596.0,13663.0,15840.0,17600.0,20904.0,28716.0,33914.0,37288.0,40695.0,51498.0,25785.0,9200.0,14554.0,16913.0,18544.0,21959.0,30142.0,35897.0,38897.0,42238.0,53446.0,26165.0,9534.0,15257.0,17543.0,19235.0,22459.0,30430.0,35618.0,38945.0,42464.0,52614.0,28184.0,10448.0,16492.0,18830.0,20504.0,24126.0,33127.0,38865.0,41509.0,44548.0,54763.0,29473.0,10433.0,16523.0,19604.0,21722.0,25592.0,34136.0,39634.0,42218.0,46685.0,57906.0,30677.0,11367.0,17897.0,20966.0,23024.0,26783.0,35327.0,41013.0,45109.0,49200.0,62004.0,32249,11550.0,18993.0,22063.0,24413.0,28232.0,37104.0,43478.0,46837.0,51201.0,63828.0
West Sussex,22180.0,7489.0,11671.0,14200.0,15805.0,18885.0,26034.0,31104.0,34038.0,37542.0,47719.0,22384.0,7819.0,12381.0,14431.0,16022.0,18995.0,26502.0,31305.0,34244.0,37372.0,47009.0,23139.0,7796.0,12279.0,14590.0,16336.0,19888.0,26778.0,31993.0,34993.0,38503.0,47490.0,23005.0,6980.0,11300.0,13612.0,16000.0,19447.0,26891.0,32180.0,35360.0,39084.0,50969.0,25093.0,8497.0,12942.0,16203.0,18263.0,21620.0,28930.0,34171.0,37493.0,40849.0,53459.0,24743.0,7848.0,12377.0,15354.0,17960.0,21199.0,28158.0,33103.0,36897.0,40035.0,52570.0,26919.0,8999.0,14877.0,18079.0,20031.0,23538.0,30590.0,35709.0,39458.0,42712.0,57598.5,27895.0,9299.5,16022.0,18301.0,21156.0,24871.0,32727.0,38311.0,41669.0,46159.0,57598.5,30745.0,9600.0,17167.0,20850.0,23498.0,27000.0,36010.0,41930.0,45222.0,49879.0,62627.0,30732,10137.0,17032.0,20341.0,23535.0,27253.0,35500.0,42266.0,45853.0,50000.0,63943.0
West Yorkshire Met County,22151.0,7631.0,11863.0,13974.0,15576.0,18776.0,25624.0,29848.0,32279.0,35277.0,44708.0,22237.0,7809.0,12358.0,14310.0,15953.0,19080.0,25885.0,30234.0,32738.0,35818.0,45191.0,22206.0,7392.0,11923.0,14000.0,15886.0,18985.0,25948.0,30298.0,32823.0,36124.0,46911.0,23365.0,8275.0,12784.0,15012.0,16910.0,20117.0,27040.0,31707.0,34513.0,37763.0,49245.0,24549.0,8982.0,13902.0,16296.0,18103.0,21019.0,28304.0,32722.0,36000.0,39637.0,50001.0,24332.0,8767.0,13998.0,16333.0,18002.0,21066.0,28073.0,32641.0,35611.0,39541.0,50161.0,26869.0,9938.0,15873.0,18507.0,20040.0,23390.0,31214.0,35932.0,39176.0,42490.0,54372.0,27878.0,9723.0,15836.0,18775.0,20997.0,24471.0,32052.0,37322.0,40000.0,43899.0,54890.0,30142.0,10998.0,18462.0,21230.0,23265.0,26434.0,34343.0,39725.0,43254.0,47068.0,58988.0,31049,11122.0,18019.0,21500.0,23948.0,27275.0,35530.0,40608.0,44409.0,48322.0,61210.0
Worcestershire,19585.0,6948.0,9475.0,11149.0,13066.0,16011.0,23001.0,26879.0,29346.0,32484.0,42248.0,20784.0,6948.0,10994.0,12344.0,14611.0,17881.0,24254.0,28321.0,30934.0,34405.0,42248.0,20884.0,6851.0,10713.0,12418.0,14525.0,18034.0,24483.0,28415.0,30657.0,34224.0,43730.0,22488.0,7253.0,11486.0,13511.0,15823.0,19131.0,25623.0,30077.0,32721.0,36256.0,45212.0,22215.0,6588.0,11516.0,13121.0,15889.0,19236.0,25910.0,30495.0,33397.0,37138.0,46781.0,24507.0,9059.0,13438.0,16058.0,17863.0,21001.0,28176.0,33301.0,36537.0,39683.0,46899.0,25444.0,10163.0,14142.0,17071.0,18992.0,22123.0,28732.0,34286.0,37202.0,40662.0,51289.5,27552.0,10163.0,15213.0,18640.0,20445.0,23970.0,31282.0,36248.0,39355.0,42538.0,51289.5,29681.0,11267.0,17768.0,20415.0,22247.0,25499.0,33197.0,38247.0,41549.0,45087.0,55680.0,29671,10505.0,17249.0,20380.0,22620.0,26146.0,34865.0,40207.0,43389.0,47320.0,58016.0
Yorkshire and The Humber,21215.0,7091.0,11018.0,12976.0,14855.0,17944.0,24808.0,29283.0,31802.0,34845.0,43400.0,21321.0,7502.0,11396.0,13427.0,15196.0,18183.0,24920.0,29538.0,32000.0,35171.0,43912.0,21793.0,7168.0,11436.0,13537.0,15486.0,18532.0,25392.0,29875.0,32378.0,35529.0,45000.0,22973.0,7982.0,12313.0,14455.0,16458.0,19516.0,26627.0,31172.0,33943.0,37098.0,46992.0,23894.0,8599.0,13212.0,15517.0,17435.0,20476.0,27753.0,32108.0,34930.0,38444.0,48165.0,23776.0,8637.0,13503.0,15669.0,17710.0,20600.0,27694.0,32000.0,35000.0,38741.0,48807.0,25862.0,9600.0,15116.0,17582.0,19424.0,22598.0,29888.0,34478.0,37446.0,40847.0,51740.0,27304.0,9954.0,15850.0,18525.0,20762.0,24141.0,31295.0,36223.0,39361.0,42503.0,53991.0,29831.0,11060.0,17808.0,20683.0,22813.0,26092.0,33865.0,38855.0,42120.0,45889.0,57023.0,30486,11266.0,17795.0,20894.0,23540.0,26801.0,34802.0,39787.0,43113.0,47351.0,59954.0
